Name,Category Alias,Category Title,Latitude,Longitude,Price,Rating
Ravintola Vinkkeli,modern_european,Modern European,60.1639,24.94641,Most Expensive,5.0
Baskeri &  Basso,bistros,Bistros,60.1578732195411,24.934694096446,Affordable,4.8
Chef & Sommelier,scandinavian,Scandinavian,60.15766,24.94254,Most Expensive,4.8
Spis,scandinavian,Scandinavian,60.1636314,24.9476795,Most Expensive,4.8
Ani,turkish,Turkish,60.1571504587047,24.9336607849584,Affordable,4.5
Ora,scandinavian,Scandinavian,60.15766,24.94254,Not Listed,5.0
Yes yes yes,vegan,Vegan,60.1642087586756,24.9439802393317,Not Listed,5.0
Vibami,vietnamese,Vietnamese,60.1631,24.94172,Affordable,4.5
Tommyknocker,pubs,Pubs,60.1634598,24.9412804,Affordable,4.4
The Riff,bars,Bars,60.1641388,24.9428196,Affordable,4.4
Hills Dumplings,dimsum,Dim Sum,60.16441,24.94533,Not Listed,4.4
Brooklyn Cafe,bagels,Bagels,60.16131,24.94182,Most Affordable,4.3
Saslik,russian,Russian,60.15868,24.9485092,Most Expensive,4.3
Istanbul Grilli,turkish,Turkish,60.1629414443893,24.9389866097799,Expensive,4.3
Ravintola Natura,scandinavian,Scandinavian,60.16369,24.94181,Most Expensive,4.3
BrewDog,pubs,Pubs,60.16062,24.9425199,Affordable,4.3
Ravintola Maxill,food,Food,60.1604385,24.9461498,Expensive,4.3
SIS. Deli & Café,coffee,Coffee & Tea,60.16077,24.94634,Most Affordable,4.3
Healthinki,coffee,Coffee & Tea,60.15853,24.94482,Not Listed,5.0
Ravintola Saaristo,scandinavian,Scandinavian,60.1593617088918,24.9655079841614,Expensive,4.5
Green Hippo Cafe,breakfast_brunch,Breakfast & Brunch,60.1617042372927,24.9400799771933,Not Listed,5.0
Basbas & Staff,wine_bars,Wine Bars,60.1577364126093,24.9338689818978,Expensive,4.5
Bar Llamas,bars,Bars,60.163398803427,24.942201278584,Affordable,4.2
Juuri,scandinavian,Scandinavian,60.1639155047475,24.9462911852249,Most Expensive,4.2
SIS. Deli & Cafe,"delicatessen, juicebars","Delicatessen, Juice Bars & Smoothies",60.1604797,24.9405534,Affordable,4.2
Pastis,french,French,60.1641857,24.947771,Expensive,4.2
Ravintola Il Bucatino,italian,Italian,60.15754,24.93474,Expensive,4.7
Pikku Georgia,bakeries,Bakeries,60.16131,24.94182,Most Affordable,4.7
Soup & Juice,salad,Salad,60.1637802,24.9365005,Most Affordable,4.7
Sea Horse,scandinavian,Scandinavian,60.1587659907993,24.9465446755218,Expensive,4.2
Latva,wine_bars,Wine Bars,60.1635895,24.9464207,Affordable,4.2
Tamarin,thai,Thai,60.1635201795302,24.9418830871582,Affordable,4.1
Kanniston Leipomo,bakeries,Bakeries,60.1592484,24.9364109,Most Affordable,4.1
Alfons Pizza,pizza,Pizza,60.1592496381371,24.9423121020166,Affordable,4.1
Taquería El Rey,mexican,Mexican,60.15891,24.94335,Affordable,4.1
Skiffer Liuskaluoto,pizza,Pizza,60.1527839520019,24.9464321136475,Affordable,4.1
Il Birrificio,bistros,Bistros,60.1631508,24.9381199,Affordable,4.1
Mat,bakeries,Bakeries,60.1631,24.94172,Not Listed,5.0
Factory St. Gallery,galleries,Art Galleries,60.1582140665298,24.9428010731936,Most Affordable,4.0
Norisushi Bar,sushi,Sushi Bars,60.1638603,24.9520893,Not Listed,5.0
Moola Rööperi,yoga,Yoga,60.1606293,24.9405594,Not Listed,5.0
Levant,mideastern,Middle Eastern,60.1643105,24.9358006,Most Affordable,4.0
Kom-ravintola,modern_european,Modern European,60.1588053526004,24.9460515126103,Affordable,4.0
BB.Badger&co,pubs,Pubs,60.1633862318622,24.9463684111834,Not Listed,5.0
Soil Wine Room,wine_bars,Wine Bars,60.1641808,24.9376907,Affordable,4.0
Cafe Panik,coffee,Coffee & Tea,60.1603630062143,24.9403458461165,Not Listed,5.0
Bones,danceclubs,Dance Clubs,60.1634564,24.9415345,Affordable,4.0
Fafa's Citykäytävä,mideastern,Middle Eastern,60.164004062598,24.9440579285889,Most Affordable,4.0
Farouge,mideastern,Middle Eastern,60.1641808,24.9435406,Expensive,4.0
Guo Ji,chinese,Chinese,60.1582108,24.9363308,Not Listed,5.0
Ravintola Savoy,restaurants,Restaurants,60.1666412,24.9473209,Most Expensive,4.8
Krog Roba,scandinavian,Scandinavian,60.16454,24.94722,Expensive,4.8
Pompier,scandinavian,Scandinavian,60.1671925257657,24.9492107925732,Expensive,4.8
Finlandia Caviar Shop & Restaurant,gourmet,Specialty Food,60.16691,24.95163,Not Listed,5.0
Trillby & Chadwick,speakeasies,Speakeasies,60.16835,24.9538,Affordable,4.7
Signora Delizia,coffee,Coffee & Tea,60.1676788,24.9626503,Affordable,4.7
Karl Johan,scandinavian,Scandinavian,60.1680266,24.9389719,Expensive,4.7
Zucchini,vegetarian,Vegetarian,60.1662313763646,24.9494676174376,Most Affordable,4.7
Rikhardinkadun kirjasto,libraries,Libraries,60.1662407,24.9464092,Not Listed,4.7
Bar Haven,champagne_bars,Champagne Bars,60.1666,24.95164,Expensive,4.6
Olo,scandinavian,Scandinavian,60.1680572300478,24.9564699456096,Most Expensive,4.6
Classic Pizza,pizza,Pizza,60.1685237503237,24.9424013740297,Affordable,4.6
Ravintola Aino,scandinavian,Scandinavian,60.1681595,24.9502296,Most Expensive,4.6
Trocadero,french,French,60.1647987,24.9426403,Not Listed,4.8
Demo,scandinavian,Scandinavian,60.1648301,24.9415088,Most Expensive,4.5
Shelter,modern_european,Modern European,60.16898,24.95993,Expensive,4.5
Palace,scandinavian,Scandinavian,60.1652603,24.9518204,Most Expensive,4.8
Liberty or Death,speakeasies,Speakeasies,60.16472,24.94462,Affordable,4.5
El Greco,greek,Greek,60.16597,24.94489,Affordable,4.5
Pizzeria Via Tribunali,pizza,Pizza,60.16848,24.95157,Not Listed,4.4
Soppakeittiö,soup,Soup,60.1664065865745,24.952743931244,Most Affordable,4.4
Toca,modern_european,Modern European,60.1654414,24.9512655,Expensive,4.4
Cafe Yrjö,coffee,Coffee & Tea,60.1683083,24.93894,Expensive,4.3
Katajanokan Kasino,venues,Venues & Event Spaces,60.1692900139143,24.9652956653234,Most Expensive,4.3
Copas y Tapas,tapasmallplates,Tapas/Small Plates,60.1687698,24.9490204,Not Listed,4.3
Fratello Torrefazione,coffee,Coffee & Tea,60.1697858000198,24.9479163361776,Affordable,4.3
Pastor,latin,Latin American,60.1660614,24.9430008,Expensive,4.3
Ravintola Nokka,scandinavian,Scandinavian,60.1690225729284,24.960840976999,Expensive,4.3
Pörssiklubi,restaurants,Restaurants,60.1684113,24.9486008,Not Listed,5.0
Eat Poke Helsinki,seafood,Seafood,60.16958,24.94461,Not Listed,5.0
Penelope,restaurants,Restaurants,60.17002,24.94596,Not Listed,5.0
Casa Chipotle,"mexican, coffee","Mexican, Coffee & Tea",60.1645288454964,24.927932633924,Not Listed,5.0
PASSIO Keittiö ja Baari,modern_european,Modern European,60.1670838,24.9369496,Most Expensive,4.8
Kafe Moskova,russian,Russian,60.1670113,24.9338894,Affordable,4.7
Momo Toko,ramen,Ramen,60.16616,24.9339,Not Listed,4.7
Pompier,scandinavian,Scandinavian,60.1649543127515,24.9331962618671,Affordable,4.6
Kino Andorra & Dubrovnik,danceclubs,Dance Clubs,60.1670113,24.9338894,Affordable,4.6
Kissakahvila Helkatti,coffee,Coffee & Tea,60.1672089,24.933314,Affordable,4.6
Bar Mendocino,pubs,Pubs,60.1657849,24.931525,Most Affordable,4.5
Fulbari,himalayan,Himalayan/Nepalese,60.1573629,24.9320834,Affordable,4.8
Haru Sushi,sushi,Sushi Bars,60.1649,24.93562,Not Listed,5.0
Ravintola Grön,vegetarian,Vegetarian,60.16445,24.93233,Not Listed,5.0
Domo,japanese,Japanese,60.1665611,24.9349804,Expensive,4.4
A21 Decades,lounges,Lounges,60.1667658,24.9372628,Expensive,4.4
Casa Italia,italian,Italian,60.164694199889,24.9379016252986,Affordable,4.4
Milli Miglia,bars,Bars,60.16494,24.93192,Affordable,4.4
100 Dogs,cocktailbars,Cocktail Bars,60.1666505261397,24.9308481417667,Affordable,4.3
Aangan,himalayan,Himalayan/Nepalese,60.1631012,24.9274998,Affordable,4.3
Phó Viét,vietnamese,Vietnamese,60.1678284709583,24.9374913705416,Not Listed,4.8
Patisserie Teemu & Markus,desserts,Desserts,60.1678773247786,24.9379374190249,Most Affordable,4.7
Fisken på Disken,seafood,Seafood,60.1693314661659,24.9338641883605,Not Listed,4.6
Hoku,hawaiian,Hawaiian,60.1693803135216,24.9339735867197,Affordable,4.5
Rulla,vietnamese,Vietnamese,60.1676712,24.9375,Affordable,4.4
Huutokonttori Kanttiini,cocktailbars,Cocktail Bars,60.1599353623284,24.920930087362,Most Affordable,5.0
Farang,asianfusion,Asian Fusion,60.171019,24.9335388,Most Expensive,4.4
Konstan Möljä,scandinavian,Scandinavian,60.1638184,24.9264202,Affordable,4.3
Cargo,breakfast_brunch,Breakfast & Brunch,60.1629543079833,24.9225186352618,Affordable,4.3
Twisted Street Kitchen,asianfusion,Asian Fusion,60.1705391,24.9282393,Most Affordable,4.3
Kippo,juicebars,Juice Bars & Smoothies,60.16881,24.937288,Most Affordable,4.3
Café DaJa,german,German,60.17145,24.95704,Affordable,4.6
Kansalliskirjasto,libraries,Libraries,60.1704494600943,24.950331910671,Not Listed,4.6
Hoshito,japanese,Japanese,60.1715202,24.9259109,Expensive,4.6
Ask,scandinavian,Scandinavian,60.1721611,24.9558907,Most Expensive,4.5
Deli & Cafe Corretto,delis,Delis,60.17362,24.93174,Not Listed,5.0
Kansallisarkisto,education,Education,60.1721191,24.9524994,Not Listed,4.5
Kaisaniemen puiston kioski,kiosk,Kiosk,60.1735115,24.9496593,Not Listed,4.5
Mizu,japanese,Japanese,60.17477,24.92566,Affordable,4.9
Marocco,coffee,Coffee & Tea,60.1750488,24.9282303,Not Listed,4.9
Kirjasto 10,libraries,Libraries,60.1714751267411,24.9387678587029,Not Listed,4.4
Flying Dutch,musicvenues,Music Venues,60.1768941813989,24.9490928649902,Affordable,4.5
Qulma,brasseries,Brasseries,60.1714516,24.9570408,Affordable,4.4
Suomalaisen Kirjallisuuden Seura,libraries,Libraries,60.1702309,24.9562092,Not Listed,4.3
Kuurna,modern_european,Modern European,60.170205122233,24.958416669608,Expensive,4.3
Kaisla,pubs,Pubs,60.1719284,24.9468193,Affordable,4.3
Rodolfo,italian,Italian,60.171038691879,24.957663516225,Affordable,4.2
Svenska Klubben,restaurants,Restaurants,60.1740494,24.9593201,Most Expensive,4.7
Kolme Kruunua,scandinavian,Scandinavian,60.174376987984,24.958932832065,Affordable,4.2
Niska Helsinki,pubs,Pubs,60.16898,24.95993,Not Listed,5.0
Sköne,beerbar,Beer Bar,60.1688211011284,24.9590653546311,Not Listed,5.0
Norilla,comfortfood,Comfort Food,60.1732351,24.9590707,Not Listed,5.0
SkyWheel Helsinki,amusementparks,Amusement Parks,60.1667341228077,24.9594781909523,Not Listed,4.0
Bellevue,russian,Russian,60.1686211,24.9615498,Expensive,4.0
Ravintola Everest Katajanokka,himalayan,Himalayan/Nepalese,60.16771,24.96637,Affordable,3.9
Savu,scandinavian,Scandinavian,60.1736097865764,24.9685359710627,Most Expensive,3.9
Majakkalaiva Relandersgrund,bars,Bars,60.1691618330407,24.9587059020996,Expensive,3.9
Doi Thai,thai,Thai,60.17124,24.95896,Affordable,3.8
No. 5,vietnamese,Vietnamese,60.17136,24.9575806,Not Listed,4.3
Key West Pub,restaurants,Restaurants,60.1659317,24.9643803,Affordable,4.5
Le Petit Chaperon Rouge,wine_bars,Wine Bars,60.16901,24.96135,Affordable,4.5
Linnankellari,restaurants,Restaurants,60.167,24.97055,Not Listed,4.5
Tervasaaren koirapuisto,pets,Pets,60.1724701,24.9559498,Not Listed,4.0
West Lake Tea House,tea,Tea Rooms,60.17136,24.9575806,Expensive,4.5
Zinnkeller,german,German,60.1744034863905,24.9583420690043,Affordable,3.7
Tove Janssonin puisto,dog_parks,Dog Parks,60.1679724274987,24.9616866108732,Not Listed,3.7
Ravintola Wellamo,modern_european,Modern European,60.16838,24.96845,Affordable,3.6
Wanha Satama,professional,Professional Services,60.1655388,24.9674397,Not Listed,3.5
Sipuli,restaurants,Restaurants,60.168916882128,24.9596941508179,Expensive,3.4
Furuma Cuisine,chinese,Chinese,60.16664,24.96227,Expensive,3.4
Eurohostel,restaurants,Restaurants,60.1658131720951,24.9698910741803,Affordable,3.1
Bastion Deli,salad,Salad,60.1664525095334,24.9661663814674,Not Listed,4.0
Pivnice Poseidon,pubs,Pubs,60.167511082615,24.962795567779,Affordable,3.3
Kruna restaurang & bar,gastropubs,Gastropubs,60.17405,24.95932,Not Listed,4.0
Holiday Bar,modern_european,Modern European,60.168782345205,24.9591334146507,Not Listed,3.5
Katajanokan Pizza,kebab,Kebab,60.1681216190277,24.9753731913104,Not Listed,3.5
Katajanokan Koirapuisto,dog_parks,Dog Parks,60.1663208,24.9718494,Not Listed,3.0
Katajanmarja,restaurants,Restaurants,60.1658287,24.9698296,Not Listed,3.0
Jailyard Terrace,bars,Bars,60.1669998,24.9705505,Not Listed,3.0
Sen Chay,vegetarian,Vegetarian,60.1778816903161,24.9507051534424,Most Affordable,4.7
Soppakeittiö,soup,Soup,60.180093561669,24.9511906206237,Most Affordable,4.6
Musta Kissa,bars,Bars,60.1823900253219,24.9468823023268,Most Affordable,4.4
Sandro,breakfast_brunch,Breakfast & Brunch,60.18313,24.94839,Expensive,4.3
Silvoplee,vegetarian,Vegetarian,60.1814518638294,24.9492035894427,Affordable,4.3
Kolmon3n,burgers,Burgers,60.1821012,24.9501554,Affordable,4.3
Helsingin yliopiston pääkirjasto,libraries,Libraries,60.1713814623825,24.9483638024519,Not Listed,5.0
Bali Bagus Helsinki,indonesian,Indonesian,60.1797194,24.9612648,Not Listed,5.0
Gastrobar EMO,gastropubs,Gastropubs,60.1662016498627,24.9475995273544,Expensive,4.3
Bock - Terrace,lounges,Lounges,60.1686973,24.9534754,Affordable,5.0
The TRAY,bars,Bars,60.1685148867675,24.9474292248487,Expensive,5.0
Kulturkontakt Nord,libraries,Libraries,60.1721770783904,24.9482131004333,Not Listed,5.0
Chihuahua Julep,cocktailbars,Cocktail Bars,60.16512,24.94452,Not Listed,5.0
Roasberg,delis,Delis,60.17067,24.9461,Most Affordable,4.3
Café Engel,coffee,Coffee & Tea,60.1689979245312,24.9515845722941,Affordable,4.2
Stefan's Steakhouse,tradamerican,American,60.1663789718032,24.9454992830506,Most Expensive,4.2
Voffeli & Kaffeli,waffles,Waffles,60.1752208025119,24.9244651934071,Not Listed,4.6
Bar Favela,bars,Bars,60.1721191,24.9204693,Affordable,4.8
Botta,restaurants,Restaurants,60.1739693,24.9314995,Not Listed,4.4
Shanti,yoga,Yoga,60.1758308,24.9226704,Not Listed,4.3
Aa Han Thai,thai,Thai,60.1726913,24.9202194,Not Listed,4.3
Popup Showroom,cocktailbars,Cocktail Bars,60.166509,24.9306031,Expensive,5.0
Kotipizza,pizza,Pizza,60.163418326909,24.920708098611,Most Affordable,5.0
Soma,hotdogs,Fast Food,60.16952,24.9405,Not Listed,5.0
Banu Cafe,cafeteria,Cafeteria,60.15796,24.90865,Not Listed,5.0
SIS. Deli & Cafe,"delicatessen, juicebars","Delicatessen, Juice Bars & Smoothies",60.1676788,24.9397507,Affordable,4.3
Crystal Show Club,danceclubs,Dance Clubs,60.16525,24.93444,Affordable,5.0
Sushibar + Wine,sushi,Sushi Bars,60.1647186,24.9404697,Affordable,4.2
Fazer Cafe,icecream,Ice Cream & Frozen Yogurt,60.1692,24.93822,Affordable,4.2
Pueblo,mexican,Mexican,60.1652869698994,24.9294590950012,Affordable,4.2
Big Bowl Noodle Restaurant,noodles,Noodles,60.16671,24.93041,Not Listed,4.7
Wanhakettu,restaurants,Restaurants,60.1672287,24.9295807,Most Affordable,4.2
Atelje Finne,scandinavian,Scandinavian,60.1710091,24.9282398,Most Expensive,4.2
GLO Hotel Art,hotels,Hotels,60.16435,24.93175,Most Expensive,4.2
Mount Everest,himalayan,Himalayan/Nepalese,60.1671906,24.9276791,Most Affordable,4.1
Yeti Nepal,himalayan,Himalayan/Nepalese,60.1630211,24.9163303,Affordable,4.1
Antiokia Atabar,turkish,Turkish,60.1643105,24.9277802,Affordable,4.1
Halikarnas,turkish,Turkish,60.1648483,24.9262505,Affordable,4.1
Helka,hotels,Hotels,60.1699791,24.9272594,Affordable,4.1
Fafa's,"mideastern, falafel","Middle Eastern, Falafel",60.1701094,24.9282222,Most Affordable,4.1
Satkar,himalayan,Himalayan/Nepalese,60.169230186131,24.9297068567911,Affordable,4.0
Habibi,mideastern,Middle Eastern,60.1679067307259,24.931062306504,Affordable,4.0
Aalto-yliopiston kirjasto,libraries,Libraries,60.1696823540992,24.9216086657924,Not Listed,5.0
Theron Catering,buffets,Buffets,60.16233,24.90213,Affordable,5.0
Perho,french,French,60.1708717,24.9212303,Affordable,4.0
Helsingin Astanga Joogakoulu,yoga,Yoga,60.1638184,24.9247093,Not Listed,5.0
Cafferino Oba,coffee,Coffee & Tea,60.164403,24.9293096,Most Affordable,5.0
Mei Lin,chinese,Chinese,60.16682,24.92958,Affordable,4.0
Hanken Bibliotek,libraries,Libraries,60.17079,24.92437,Not Listed,5.0
Kuwano,asianfusion,Asian Fusion,60.1678944972374,24.931104060852,Not Listed,4.3
Casa Chipotle,"mexican, coffee","Mexican, Coffee & Tea",60.1645716567608,24.927630839434,Not Listed,5.0
Roslund,burgers,Burgers,60.1629216119405,24.9288650333784,Affordable,4.0
Ravintola Hima & Sali Kaapelitehdas,breakfast_brunch,Breakfast & Brunch,60.1618109956429,24.9030037965841,Most Affordable,4.0
The Red Koi Thai,thai,Thai,60.1643934168904,24.9325075972729,Not Listed,5.0
Mount Kailash,indpak,Indian,60.1574211,24.92062,Most Affordable,4.0
Hammaslääkäriasema Ruohonjuuri,dentists,Dentists,60.1609917,24.9137001,Not Listed,5.0
Tortilla House,mexican,Mexican,60.1687720028784,24.932257744519,Most Affordable,3.9
Salve,bistros,Bistros,60.161162496413,24.9300458944161,Affordable,3.9
Kannas,pubs,Pubs,60.1638184,24.9247093,Affordable,3.9
Hercules,danceclubs,Dance Clubs,60.1702,24.92793,Affordable,3.9
Shaker,bars,Bars,60.1696892,24.9303703,Affordable,3.9
One Pint Pub,pubs,Pubs,60.1619828344898,24.92023229599,Expensive,3.9
Aalto-yliopiston Rafla,comfortfood,Comfort Food,60.1716421593453,24.9231054504796,Not Listed,4.3
Ravintola Kuu,french,French,60.1802078365307,24.9252714679363,Expensive,4.4
Ravintola Aito,scandinavian,Scandinavian,60.1756592,24.9209709,Most Expensive,4.4
Umeshu,sushi,Sushi Bars,60.1774361010774,24.9246255812324,Expensive,4.4
Ravintola KuuKuu,scandinavian,Scandinavian,60.175213025186,24.924883187958,Expensive,4.3
Wagocoro,sushi,Sushi Bars,60.1807252,24.9252809,Affordable,4.9
Soup,vegetarian,Vegetarian,60.1807613030336,24.9246104825112,Most Affordable,4.8
Lukla,himalayan,Himalayan/Nepalese,60.1815641829252,24.9265288173329,Affordable,4.5
YTHS Töölö,physicians,Doctors,60.1822395,24.9228802,Not Listed,4.4
Linko Pizzabar,pizza,Pizza,60.181794284692,24.9252077433968,Affordable,4.3
Döner Harju,kebab,Kebab,60.1698629067976,24.9412618211675,Not Listed,5.0
Bar Bhangra,bars,Bars,60.1746763096013,24.9218718083401,Most Affordable,4.3
Daddy Greens Pizzabar,pizza,Pizza,60.18503,24.92031,Not Listed,4.5
Sushibar + Wine,sushi,Sushi Bars,60.1840781,24.9197946,Not Listed,4.3
Töölön kirjasto,libraries,Libraries,60.1832884612179,24.9175566663552,Not Listed,4.3
Rajasaaren koirapuisto,dog_parks,Dog Parks,60.181881,24.90872,Not Listed,4.3
Oodi,libraries,Libraries,60.1737602040936,24.9380516215361,Not Listed,5.0
Sinne,scandinavian,Scandinavian,60.16767,24.9375,Expensive,4.2
Ilves,scandinavian,Scandinavian,60.168467858672,24.9326658364929,Affordable,4.1
Tin Tin Tango,breakfast_brunch,Breakfast & Brunch,60.1785088,24.9253006,Affordable,4.1
Troikka,russian,Russian,60.1737785,24.9200993,Not Listed,4.1
India House,indpak,Indian,60.1688919,24.9367695,Affordable,4.1
New Bamboo Center,chinese,Chinese,60.16799,24.93588,Most Affordable,4.1
OmNam,vegan,Vegan,60.16799,24.93588,Most Affordable,4.1
Töölön Sävel,gastropubs,Gastropubs,60.1781726318713,24.9224498823596,Affordable,4.1
Mountain,himalayan,Himalayan/Nepalese,60.1863289,24.9166298,Affordable,4.1
Benjam's Bistro,italian,Italian,60.1736717,24.9293404,Affordable,4.1
Oral Hammaslääkärit,"generaldentistry, dentists","General Dentistry, Dentists",60.18222,24.92092,Not Listed,5.0
Burger King,"burgers, hotdogs","Burgers, Fast Food",60.17038,24.940636,Most Affordable,4.0
Väentupa,sportsbars,Sports Bars,60.1707306,24.934,Not Listed,5.0
Ravintola Buddha,food,Food,60.1726668,24.9320088,Not Listed,5.0
Tanskalainen Voileipä,sandwiches,Sandwiches,60.17496,24.92922,Not Listed,5.0
Jänö,foodstands,Food Stands,60.1742147499342,24.9308367250901,Not Listed,5.0
Ristorante Lo Stretto,italian,Italian,60.1702,24.94146,Not Listed,5.0
Daruma,sushi,Sushi Bars,60.1750646893393,24.9268095235212,Not Listed,5.0
Elite,scandinavian,Scandinavian,60.1765866118968,24.9230112962382,Expensive,4.0
Don Angelo,italian,Italian,60.1829233737037,24.9262084248486,Not Listed,4.0
Picnic,coffee,Coffee & Tea,60.1797326544536,24.9233973026276,Most Affordable,5.0
Sushibar + Wine,sushi,Sushi Bars,60.1702155592826,24.9414505665228,Not Listed,5.0
Sushi Panda,sushi,Sushi Bars,60.18326,24.92388,Not Listed,5.0
Vastarannan Kiiski,restaurants,Restaurants,60.174140897385,24.922029621553,Affordable,4.0
Pinto B'staurant,thai,Thai,60.1876219771893,24.9641126468138,Most Affordable,4.7
Kallion kirjasto,libraries,Libraries,60.1836153027195,24.9536300322936,Not Listed,4.6
Solmu Pub,pubs,Pubs,60.18819,24.95748,Most Affordable,4.8
Lie Mi,vietnamese,Vietnamese,60.1857213,24.961577,Affordable,4.8
Soi soi,vegetarian,Vegetarian,60.1884311,24.9587276,Most Affordable,4.4
Kaiku,danceclubs,Dance Clubs,60.1837558848643,24.9598434879193,Affordable,4.4
Toveri,wine_bars,Wine Bars,60.1840515,24.9457092,Affordable,4.4
Döner Harju,kebab,Kebab,60.1886292593151,24.9532030745918,Most Affordable,4.3
Way Bakery and Wine Bar,bakeries,Bakeries,60.18453,24.95357,Not Listed,5.0
Kolo,vegan,Vegan,60.18396,24.95742,Not Listed,5.0
Bali Brunch,indonesian,Indonesian,60.1887,24.9578,Not Listed,5.0
Onda,mediterranean,Mediterranean,60.184314945045,24.9601788186547,Affordable,4.2
Kannunvalajien Kuppala,bars,Bars,60.1735802,24.9510002,Most Affordable,4.2
Fafa's,"mideastern, falafel","Middle Eastern, Falafel",60.1870973757324,24.9662411326682,Most Affordable,4.2
Kuudes Linja,danceclubs,Dance Clubs,60.1837471809973,24.9595722556114,Expensive,4.1
Molotow,divebars,Dive Bars,60.1886597,24.9534492,Affordable,4.1
Street Gastro,foodtrucks,Food Trucks,60.1884589554812,24.9578529596329,Most Affordable,4.1
Kombo,tapasmallplates,Tapas/Small Plates,60.1883408,24.964871,Not Listed,4.1
Korea House,korean,Korean,60.1728592,24.9570103,Affordable,4.1
Bro,scandinavian,Scandinavian,60.1771330506613,24.95125592775,Expensive,4.1
Oral,dentists,Dentists,60.1819992,24.9545403,Not Listed,5.0
Ton Khaow,thai,Thai,60.1873901678806,24.9591993060961,Not Listed,5.0
Pompei,italian,Italian,60.1743813,24.9527702,Affordable,4.0
Zen Sushi - sushi & sake,japanese,Japanese,60.1743469,24.9528839,Affordable,4.0
Social Burgerjoint,burgers,Burgers,60.1884023,24.9645183,Not Listed,4.0
Cafe II-Linja 23,restaurants,Restaurants,60.1832085,24.9451809,Not Listed,5.0
SOUP Kallio,vegetarian,Vegetarian,60.1870364343619,24.9655186157729,Not Listed,5.0
Americana Pizzeria,pizza,Pizza,60.18048,24.9501,Not Listed,5.0
Happy Garden,chinese,Chinese,60.188549,24.9603004,Most Affordable,4.0
namnam,vietnamese,Vietnamese,60.1880066,24.9533259,Not Listed,5.0
Oppimiskeskus Minerva,collegeuniv,Colleges & Universities,60.175235566064,24.953188890984,Not Listed,4.0
FinDesh,pubs,Pubs,60.18238,24.95383,Not Listed,5.0
Lihakauppa Roslund,burgers,Burgers,60.1897720412185,24.9717521735413,Affordable,4.3
Mikura Sushi,sushi,Sushi Bars,60.1907631,24.9472525,Affordable,4.3
B-Side Bar,bars,Bars,60.1897888,24.9725208,Affordable,5.0
Tislaamo,cocktailbars,Cocktail Bars,60.1903838,24.9720839,Not Listed,5.0
Viola,"scandinavian, restaurants","Scandinavian, Restaurants",60.1759691376373,24.9460696710438,Affordable,4.0
Työväen Arkiston säätiö,libraries,Libraries,60.18566,24.96679,Not Listed,5.0
Camel Cafe,african,African,60.18222,24.94762,Not Listed,5.0
Bites Vallila,burgers,Burgers,60.1956497023996,24.9511537262297,Most Affordable,4.6
KOKORO Sushi,sushi,Sushi Bars,60.19418,24.95073,Not Listed,5.0
Addis Ethiopian Kitchen,ethiopian,Ethiopian,60.19444,24.95611,Not Listed,5.0
Sepia,kebab,Kebab,60.19444,24.95611,Affordable,4.5
Pub Magneetti,bars,Bars,60.193543634868,24.958349085068,Most Affordable,4.2
Vallilan Hammaslääkärikeskus,dentists,Dentists,60.1911392,24.961689,Not Listed,5.0
Kahvila Päijänne,cafeteria,Cafeteria,60.19232,24.9638,Not Listed,5.0
Moko Market & Cafe,homedecor,Home Decor,60.1864332,24.9673314,Affordable,4.3
Just Vege,vegetarian,Vegetarian,60.188456,24.9573376,Most Affordable,4.0
Lemon Grass,thai,Thai,60.1827149210467,24.9496507644653,Affordable,4.0
Tuk Tuk,thai,Thai,60.1886597,24.9561005,Affordable,3.9
BLINIt,russian,Russian,60.18782,24.94535,Most Affordable,3.9
Mäkikupla,bars,Bars,60.1859547635991,24.9602182141077,Most Affordable,3.9
Cafe Talo,bars,Bars,60.1804673,24.9510068,Affordable,3.9
IPI Kulmakuppila,coffee,Coffee & Tea,60.1832450857038,24.953817967325,Affordable,3.9
Mashiro,japanese,Japanese,60.19364,24.9579,Affordable,3.9
Ravintola Carelia,restaurants,Restaurants,60.18112449,24.92728283,Expensive,3.8
Piritta,breakfast_brunch,Breakfast & Brunch,60.1806008050157,24.9406034148194,Affordable,3.8
Zorbas,greek,Greek,60.187561,24.9477806,Affordable,3.8
Tokoinrannan koirapuisto,dog_parks,Dog Parks,60.1816559,24.9399166,Not Listed,3.8
Loung3,bars,Bars,60.1829987,24.9468899,Affordable,3.8
Oopperan grilli,hotdogs,Fast Food,60.1833611,24.9258499,Not Listed,4.0
Roster Helsinki,bars,Bars,60.1680109469658,24.9513089629841,Expensive,4.2
El Fant,wine_bars,Wine Bars,60.16862,24.9542,Not Listed,4.7
Bryggeri,breweries,Breweries,60.1680503,24.9519812,Affordable,4.1
Savotta,scandinavian,Scandinavian,60.1689736101652,24.9530501909639,Most Expensive,4.1
Kappeli,coffee,Coffee & Tea,60.167475660298,24.950361062367,Expensive,4.1
Chapter,cocktailbars,Cocktail Bars,60.1690125645362,24.9527980014682,Affordable,4.3
Olo Garden,scandinavian,Scandinavian,60.16832,24.9549,Not Listed,5.0
Toripojat,localflavor,Local Flavor,60.1677101472136,24.9531269073486,Not Listed,4.3
Thirsty Scholar,pubs,Pubs,60.1717682,24.9499893,Not Listed,5.0
Purjelaiva Kathrina,tours,Tours,60.1642036437988,24.952127456665,Not Listed,5.0
Block by Dylan,scandinavian,Scandinavian,60.1669083,24.9516296,Affordable,4.0
Kuunari Kathrina,restaurants,Restaurants,60.1669502,24.9524593,Not Listed,5.0
Odent,dentists,Dentists,60.1718483,24.9559593,Not Listed,5.0
Unicafe Rotunda,restaurants,Restaurants,60.1703186,24.9500008,Most Affordable,4.0
Keko,food,Food,60.1725082,24.9538307,Most Affordable,4.0
Puosun kellari,steak,Steakhouses,60.16691,24.95163,Not Listed,5.0
Rugosa,modern_european,Modern European,60.15439,24.88169,Not Listed,5.0
Thai & China,asianfusion,Asian Fusion,60.1535683,24.8808308,Affordable,3.8
Persilja,mediterranean,Mediterranean,60.1580811,24.8809795,Affordable,3.8
Telakka Bistro,modern_european,Modern European,60.1551650504214,24.8866196309568,Affordable,3.8
Cafe Bar '52,restaurants,Restaurants,60.1542816,24.8799858,Most Affordable,3.3
Ravintola Lumbini,himalayan,Himalayan/Nepalese,60.1543312,24.8866596,Most Affordable,4.0
Bistro Pianissimo,saunas,Saunas,60.153511,24.8859901,Not Listed,3.5
LimOne,pizza,Pizza,60.1510503644545,24.8854785785079,Most Affordable,3.5
Blue Peter,seafood,Seafood,60.1516304,24.8915405,Affordable,2.7
Lauttasaaren Kirjasto,libraries,Libraries,60.15844,24.88321,Not Listed,2.7
Wanha Herra,pubs,Pubs,60.14898,24.8827399,Not Listed,3.0
Bar West,bars,Bars,60.1628685,24.7914009,Not Listed,3.0
Ravintola Bistro Piratti,pubs,Pubs,60.1586609,24.8763504,Not Listed,2.5
Paseo,coffee,Coffee & Tea,60.1467814952335,24.8832369775883,Not Listed,2.0
Zakura Sushi,japanese,Japanese,60.1586952892186,24.8767032649154,Not Listed,2.0
Teng's Mansion,chinese,Chinese,60.1586609,24.8763504,Not Listed,2.0
Rixi-Baari,restaurants,Restaurants,60.1566615220264,24.8643040126773,Affordable,3.5
Pizzeria Luca,pizza,Pizza,60.15972,24.88023,Not Listed,5.0
Oton Soppa,comfortfood,Comfort Food,60.1609620683843,24.8923138529062,Most Affordable,4.5
Kaunis Kampela,pubs,Pubs,60.1609143735532,24.8888978740416,Expensive,3.5
Kahvila Kasinonranta,localservices,Local Services,60.1590538024902,24.8691864013672,Most Affordable,3.2
Casa Mare,pizza,Pizza,60.1603546649764,24.8772525787354,Affordable,2.8
Kotipizza,pizza,Pizza,60.160589491878,24.881395945057,Affordable,3.0
Picnic,coffee,Coffee & Tea,60.1605359830878,24.8810878019241,Most Affordable,2.5
Pizza Express,"pizza, kebab","Pizza, Kebab",60.1611519,24.8863792,Most Affordable,1.0
Pizzarium,pizza,Pizza,60.1602652,24.8805887,Not Listed,1.0
Fazer Food Services,restaurants,Restaurants,60.1656609,24.9002094,Not Listed,1.0
Ravintola Long River,chinese,Chinese,60.1618,24.85904,Not Listed,2.0
Meritähti,steak,Steakhouses,60.1627013746727,24.9142696588449,Not Listed,3.8
Skøgul,scandinavian,Scandinavian,60.1588003099795,24.9157737040715,Not Listed,3.5
Amsterdam,pubs,Pubs,60.162585769749,24.9143069899043,Affordable,3.5
Faro Channelside,bistros,Bistros,60.1616938970095,24.9127279213425,Affordable,3.2
Pizzataxi,hotdogs,Fast Food,60.1630211,24.9163303,Not Listed,3.7
Ciao! Caffé,"icecream, italian","Ice Cream & Frozen Yogurt, Italian",60.1634460116352,24.9108981600494,Not Listed,3.7
Jätkäsaaren Sushi,sushi,Sushi Bars,60.1593570376565,24.9116358160973,Affordable,4.0
Rawa,vegan,Vegan,60.15796,24.90865,Not Listed,4.0
Dylan Milk,salad,Salad,60.1644434,24.9094229,Affordable,3.3
Poiju,indpak,Indian,60.1613884,24.9146099,Not Listed,3.0
Dacca,indpak,Indian,60.1628418,24.9132404,Not Listed,3.0
Picnic,coffee,Coffee & Tea,60.1637283561423,24.9165630340576,Not Listed,3.0
Hesburger,"burgers, hotdogs","Burgers, Fast Food",60.1644783,24.9070702,Most Affordable,2.0
Little Big Cafe,foodstands,Food Stands,60.1558924665534,24.9207818135619,Most Affordable,4.0
Hernesaaren Ranta,bars,Bars,60.1506477,24.9256539,Affordable,3.7
Zio Pepe,italian,Italian,60.16745,24.9255295,Affordable,3.6
Kabuki,japanese,Japanese,60.167340411337,24.924364917857,Expensive,3.6
Viola,"scandinavian, restaurants","Scandinavian, Restaurants",60.162159,24.9246197,Expensive,4.0
Guangzhou Yuan,chinese,Chinese,60.1661491,24.9256191,Not Listed,4.0
Zahrami,mideastern,Middle Eastern,60.1633186,24.9271393,Not Listed,4.0
Clarion Hotel Helsinki,hotels,Hotels,60.1600600135962,24.9216487459254,Expensive,3.5
Shangai Kitchen,sushi,Sushi Bars,60.1663818,24.9264202,Not Listed,4.0
Subway,"hotdogs, sandwiches","Fast Food, Sandwiches",60.1562635331392,24.9212830513716,Affordable,3.2
Ravintola Merimakasiini,seafood,Seafood,60.1610112807478,24.9267661571503,Most Expensive,3.1
Cafe+,japanese,Japanese,60.1663818,24.9264202,Not Listed,4.0
Hanko Sushi,"japanese, sushi","Japanese, Sushi Bars",60.1636954955903,24.9201472950454,Affordable,3.3
Pihka,scandinavian,Scandinavian,60.1640878354227,24.9206771104303,Not Listed,3.5
Pintos,pizza,Pizza,60.1627884,24.92696,Most Affordable,2.7
Taste of Thai,thai,Thai,60.1641502,24.9189491,Not Listed,3.0
Itämeri,restaurants,Restaurants,60.1638412,24.9199009,Affordable,3.0
Jätkäsaaren koirapuisto,dog_parks,Dog Parks,60.1624413,24.9230194,Not Listed,3.0
Löyly,scandinavian,Scandinavian,60.1518407742113,24.9304517713644,Expensive,4.2
Koto,japanese,Japanese,60.164801245461,24.9337935447693,Affordable,4.1
MINIBAR Helsinki,bars,Bars,60.16665,24.93291,Not Listed,5.0
Kantipur,himalayan,Himalayan/Nepalese,60.1646455,24.9331281,Affordable,3.9
Sushibar + Wine,sushi,Sushi Bars,60.1668701,24.9326496,Expensive,3.9
Birgitta,breakfast_brunch,Breakfast & Brunch,60.1535186033809,24.9319385815273,Affordable,3.9
Sumo,"japanese, sushi","Japanese, Sushi Bars",60.16624,24.93328,Affordable,4.3
Subway,"hotdogs, sandwiches","Fast Food, Sandwiches",60.1637550453562,24.930312037468,Not Listed,4.3
Muru,french,French,60.1651688,24.9363308,Expensive,4.2
Lappi,scandinavian,Scandinavian,60.1665611,24.9367809,Most Expensive,4.1
Frida’s,latin,Latin American,60.16477,24.93516,Not Listed,5.0
Bär Bar,juicebars,Juice Bars & Smoothies,60.1648834706708,24.9360921362457,Not Listed,5.0
Ravintola Inari,restaurants,Restaurants,60.162496124897,24.9360653758049,Not Listed,5.0
Sakura Sushi,japanese,Japanese,60.1609226723309,24.9378774306467,Affordable,5.0
La Tartufata,gourmet,Specialty Food,60.1583786,24.9418793,Not Listed,5.0
Armenian Grill House,food,Food,60.16176,24.93884,Not Listed,5.0
Ravintola Paulette,bistros,Bistros,60.1585570390322,24.946066842623,Not Listed,5.0
Tostada Helsinki,grocery,Grocery,60.1588402,24.9426308,Affordable,5.0
Sushi'N'Roll,sushi,Sushi Bars,60.157156853494,24.9454867235417,Expensive,3.9
The Boom Room,japanese,Japanese,60.1618062,24.937433,Most Affordable,4.3
Levain,bakeries,Bakeries,60.15925,24.93641,Not Listed,4.3
Len's Keishoku,japanese,Japanese,60.1606293,24.9405594,Affordable,4.3
Restroom,bars,Bars,60.1579530081947,24.9366839670427,Affordable,3.8
Annapurna,himalayan,Himalayan/Nepalese,60.1622086,24.9404697,Affordable,3.8
Seaside Garden,chinese,Chinese,60.1582108,24.9363308,Most Affordable,4.0
Lungi,gastropubs,Gastropubs,60.1597633,24.9464035,Affordable,3.7
Punavuoren Ahven,pubs,Pubs,60.16082,24.9375896,Affordable,3.7
Himalaya,himalayan,Himalayan/Nepalese,60.1638603,24.94524,Affordable,4.0
Ursula,coffee,Coffee & Tea,60.155164493191,24.960940656696,Affordable,4.0
Black Door,pubs,Pubs,60.1641161562101,24.9435858598023,Affordable,3.9
Ravintola Monal,indpak,Indian,60.1631,24.94172,Not Listed,4.3
Kotipizza,pizza,Pizza,60.1634598,24.9412804,Not Listed,4.5
Ravintola OX,mediterranean,Mediterranean,60.1642894149301,24.9445254758114,Affordable,4.0
Central,modern_european,Modern European,60.1575,24.94643,Affordable,3.7
Mattolaituri,bars,Bars,60.1538050166312,24.9558801988731,Affordable,3.6
Playground,bars,Bars,60.1634712,24.943119,Affordable,3.8
Kirurginen Sairaala,oralsurgeons,Oral Surgeons,60.1615295,24.9490795,Not Listed,4.0
William K.,"restaurants, pubs, bars","Restaurants, Pubs, Bars",60.163132518403,24.9423842075,Affordable,3.4
Primula,scandinavian,Scandinavian,60.1604454175309,24.9417757987976,Affordable,3.3
Happy Waffle Helsinki,waffles,Waffles,60.17167,24.94683,Not Listed,4.2
On The Rocks,bars,Bars,60.1712386370615,24.9455705632046,Affordable,4.1
B-Smokery,burgers,Burgers,60.190321285681,24.972456738434,Affordable,4.0
Phloopy's Crêperie & Café,creperies,Creperies,60.1883136361935,24.9178904214264,Not Listed,5.0
Laiska Karhu,divebars,Dive Bars,60.174511,24.9194202,Most Affordable,4.0
Villetta,pizza,Pizza,60.1822207547844,24.9239924025402,Affordable,3.9
Trattoria Sogno,italian,Italian,60.1777356293443,24.9249926447523,Expensive,3.9
Coma,mediterranean,Mediterranean,60.1747200301483,24.9277671217453,Expensive,4.3
William K.,"restaurants, pubs, bars","Restaurants, Pubs, Bars",60.1835213,24.9235497,Affordable,3.8
Mamma Rosa,italian,Italian,60.1793688410191,24.9237973474549,Expensive,3.7
Maharaja,indpak,Indian,60.1847305,24.9234695,Affordable,3.7
Hokkaido,sushi,Sushi Bars,60.18857,24.91731,Not Listed,4.0
THAi Ocha,thai,Thai,60.1892659,24.9174563,Affordable,4.0
Meilahden kampuskirjasto Terkko,libraries,Libraries,60.1903305,24.9082203,Not Listed,4.5
Korjaamo,restaurants,Restaurants,60.1843109,24.9200001,Most Affordable,3.6
Lime Tree,asianfusion,Asian Fusion,60.1786862,24.9244374,Affordable,3.6
Gandi,indpak,Indian,60.1843978071474,24.9244910907599,Affordable,3.6
Phad Thai,thai,Thai,60.1890180025028,24.9189361184835,Affordable,3.6
Zuhat,pizza,Pizza,60.1835,24.91901,Affordable,3.6
Hong Kong,chinese,Chinese,60.1857185,24.9221001,Affordable,3.6
Ravintola Jing Cheng,chinese,Chinese,60.17695,24.92771,Affordable,4.0
Tokyo 55,sushi,Sushi Bars,60.179451,24.9239025,Expensive,3.5
Janoinen Lohi,pubs,Pubs,60.1852648376011,24.9173140525818,Affordable,3.4
Töölön torigrilli,hotdog,Hot Dogs,60.1789953273992,24.923704290411,Not Listed,3.4
Picnic,coffee,Coffee & Tea,60.1840591,24.9174194,Most Affordable,3.4
Bar Teos,tapasmallplates,Tapas/Small Plates,60.1803818,24.9251499,Affordable,3.4
Karhu Ministeri,pubs,Pubs,60.1895714,24.9172592,Affordable,3.3
Ravintola Lehtovaara,scandinavian,Scandinavian,60.1836,24.91593,Most Expensive,3.3
Diyalo,himalayan,Himalayan/Nepalese,60.1846761554171,24.9232234073229,Affordable,4.0
Ravintola Töölönranta,brasseries,Brasseries,60.1825748262936,24.9313629009158,Expensive,3.3
Viisi Penniä,gastropubs,Gastropubs,60.1902504,24.9161301,Most Affordable,3.2
Macu,mediterranean,Mediterranean,60.1799316,24.9271393,Expensive,3.2
Fafa's,"mideastern, falafel","Middle Eastern, Falafel",60.1813001768981,24.9256667912975,Most Affordable,3.7
Dennis,italian,Italian,60.1804529046444,24.9246311187744,Affordable,3.1
White Lady,restaurants,Restaurants,60.195542025169,24.903348334871,Affordable,3.2
McDonald's,"hotdogs, burgers","Fast Food, Burgers",60.1901016,24.9164696,Most Affordable,3.1
Lie Mi,vietnamese,Vietnamese,60.1809280778816,24.9252896233852,Not Listed,3.0
Ravintola Mama's & Papa's,restaurants,Restaurants,60.1795998,24.9242096,Not Listed,4.0
Eläintarhan koirapuisto,pets,Pets,60.1888695,24.9272594,Not Listed,4.0
Unicafe,"restaurants, comfortfood","Restaurants, Comfort Food",60.1907616,24.9098206,Not Listed,4.0
Burger King,"burgers, hotdogs","Burgers, Fast Food",60.19072,24.91162,Most Affordable,4.0
Helsingin Astanga joogakoulu,yoga,Yoga,60.1835899,24.9471207,Not Listed,4.5
Korphai,thai,Thai,60.185218237293,24.9427771995798,Most Affordable,4.5
Sirdie,pubs,Pubs,60.1835899,24.9471207,Most Affordable,3.8
Maltainen Riekko,pubs,Pubs,60.1921806,24.9446297,Affordable,3.6
Weeruska,scandinavian,Scandinavian,60.1908014222147,24.9463999271393,Affordable,3.3
Boatip,thai,Thai,60.1849289,24.9418507,Most Affordable,4.0
MusKan,himalayan,Himalayan/Nepalese,60.1913412130312,24.9452347014189,Not Listed,4.0
Bodo,ramen,Ramen,60.1852703386453,24.9417335540056,Affordable,3.7
Nellu Pub,pubs,Pubs,60.1986809,24.9335194,Expensive,3.2
The Wrap'n Roll Café,vietnamese,Vietnamese,60.1939947,24.9063852,Affordable,4.0
Restaurant Red Apple,chinese,Chinese,60.1804059,24.9248011,Not Listed,4.0
Ristorante Il Trio,pizza,Pizza,60.19076,24.9151,Not Listed,4.0
Mullikka,bars,Bars,60.193180279879,24.90686785043,Affordable,3.0
Cafe Truffel,coffee,Coffee & Tea,60.1828613,24.9227905,Most Affordable,4.0
Food House,chinese,Chinese,60.19694,24.92787,Not Listed,4.0
Ravintola N:o 11,modern_european,Modern European,60.1948332603522,24.899697303772,Affordable,3.8
Tilkan Hammassairaala,dentists,Dentists,60.1991692,24.9003296,Not Listed,5.0
Keskuspuiston koirapuisto,dog_parks,Dog Parks,60.1991692,24.9217701,Not Listed,3.7
Ølhus Helsinki,pubs,Pubs,60.1894469653287,24.9162536688861,Affordable,4.0
Ravintola Freshco,restaurants,Restaurants,60.1877708,24.9225998,Not Listed,4.0
Jitu's Pizza & Kebab,pizza,Pizza,60.1857132,24.9217229,Most Affordable,3.3
Sportbar Töölö,restaurants,Restaurants,60.1882286,24.9177494,Not Listed,2.8
Kolmen Sepän terassi,streetvendors,Street Vendors,60.1695213,24.9405003,Expensive,3.0
Thai Manohra,thai,Thai,60.1847305,24.9234695,Not Listed,3.5
Fellows,bars,Bars,60.18253,24.92541,Affordable,2.6
Sokos Hotel Pasila,hotels,Hotels,60.19907,24.9257908,Affordable,3.0
Chico's,tradamerican,American,60.1829796,24.9246902,Affordable,2.3
Messenius,scandinavian,Scandinavian,60.18834,24.9146,Not Listed,3.0
Uimakoulu Pikku Joutsen,swimminglessons,Swimming Lessons/Schools,60.19411,24.89388,Not Listed,4.0
Bistro Gradus,buffets,Buffets,60.194809,24.8924198,Not Listed,4.0
Iloinen Kahvila,coffee,Coffee & Tea,60.1983625697923,24.8844078603837,Most Affordable,4.3
Munkkiniemen Pizzeria Ja Kebab,pizza,Pizza,60.1985512,24.8845596,Most Affordable,3.3
Pikku Baari,divebars,Dive Bars,60.1999397,24.8838902,Most Affordable,3.0
Nan Hai,chinese,Chinese,60.1999397,24.8838902,Affordable,3.0
Kotipizza,pizza,Pizza,60.1845207,24.9177895,Affordable,3.0
McDonald's,"hotdogs, burgers","Fast Food, Burgers",60.1955109,24.8909607,Most Affordable,2.7
FeltBay,bars,Bars,60.1975452850905,24.8997010580666,Affordable,3.0
Stadin Ravintola,pizza,Pizza,60.18886,24.9182,Not Listed,3.0
Hong Ye,chinese,Chinese,60.1852994,24.9154735,Most Affordable,2.0
Manteli / Annin Juhlapalvelu,restaurants,Restaurants,60.1907788,24.9137808,Not Listed,2.5
Mexi,divebars,Dive Bars,60.1901016,24.9164696,Not Listed,2.0
Hesburger,"burgers, hotdogs","Burgers, Fast Food",60.1905594,24.9148293,Not Listed,1.7
Manskun Pizza & Kebab,kebab,Kebab,60.1932608,24.9069607,Not Listed,1.0
Ravintola Mestarikilta,restaurants,Restaurants,60.2016029,24.9206505,Not Listed,2.0
Gurans,himalayan,Himalayan/Nepalese,60.2031699,24.8990009,Affordable,4.2
Pizzeria Ravintola Rose Way,restaurants,Restaurants,60.2077713,24.8874207,Most Affordable,4.0
Hammaslääketieteen kirjasto,libraries,Libraries,60.2060204,24.8972397,Not Listed,4.0
Kirjastoauto Helsinki,libraries,Libraries,60.2054341376741,24.8930142447352,Not Listed,4.0
Sir Olavi,indpak,Indian,60.2050781,24.8949604,Not Listed,3.5
Tilkanranta,restaurants,Restaurants,60.2028198,24.8950005,Most Affordable,2.0
Hesburger,"burgers, hotdogs","Burgers, Fast Food",60.2043419,24.8997307,Not Listed,1.0
Hesburger,"burgers, hotdogs","Burgers, Fast Food",60.2020410120427,24.8814147681719,Most Affordable,2.8
Veggie,gluten_free,Gluten-Free,60.19742,24.87775,Most Affordable,4.3
La Cantine,bistros,Bistros,60.1994452,24.8774014,Not Listed,4.3
Meritorppa,seafood,Seafood,60.1922493,24.8735199,Most Expensive,4.3
Solna,french,French,60.1973114,24.8784103,Expensive,4.1
Munkkiniemen kirjasto,libraries,Libraries,60.196895750298,24.875869006107,Not Listed,4.0
Joogatila,yoga,Yoga,60.1983986,24.8776093,Not Listed,5.0
Ukko-Munkki,pubs,Pubs,60.1995451435278,24.8776286869569,Affordable,3.5
Delivo,"coffee, delis","Coffee & Tea, Delis",60.1981888,24.8783092,Most Affordable,3.4
Wanha Munkki,pizza,Pizza,60.1952209,24.8730507,Not Listed,4.0
Cafe Tarina,coffee,Coffee & Tea,60.1984710761161,24.8758730640685,Not Listed,3.5
Kotipizza,pizza,Pizza,60.19731,24.87841,Affordable,3.0
Bistro Maria,bistros,Bistros,60.1983986,24.8776093,Not Listed,3.0
Pizza Paja,kebab,Kebab,60.1978416,24.8796005,Not Listed,2.5
Torpanranta,coffee,Coffee & Tea,60.1945136748468,24.8712655492622,Affordable,3.7
Kahvila '52,sandwiches,Sandwiches,60.1811485,24.8839798,Affordable,3.5
Ravintola Seurasaari,scandinavian,Scandinavian,60.1810718348852,24.8832118125977,Expensive,2.2
Sushi-San,sushi,Sushi Bars,60.2053631,24.8791424,Affordable,4.1
Pizza Hut,pizza,Pizza,60.2059517,24.8777008,Most Affordable,2.6
La Torrefazione,breakfast_brunch,Breakfast & Brunch,60.1687668954538,24.9436640739441,Affordable,4.2
Friends & Brgrs,burgers,Burgers,60.1696718387802,24.9450117023004,Affordable,4.1
Café Rakastan,vegan,Vegan,60.1746623,24.9335523,Not Listed,5.0
Ravintola Kaisaniemi,buffets,Buffets,60.1768220435389,24.9412835715367,Not Listed,3.8
St. Urho's Pub,modern_european,Modern European,60.174114160805,24.9313688278198,Affordable,3.8
Navy Jerry's,bars,Bars,60.16967,24.92577,Expensive,3.7
Kuningatar Saba,ethiopian,Ethiopian,60.1712914,24.9197502,Affordable,3.6
Pub Pete,bars,Bars,60.1701851427934,24.9226696437962,Affordable,3.5
Funny Deli,delis,Delis,60.1729654,24.9192519,Not Listed,4.0
Falafel,mideastern,Middle Eastern,60.1740189,24.9195499,Most Affordable,4.0
Oliva Verde,italian,Italian,60.1699730413016,24.9261975288391,Not Listed,3.7
Full House,chinese,Chinese,60.1773633470918,24.9221825809509,Most Affordable,3.3
DATE + KALE,vegan,Vegan,60.169,24.9335,Affordable,5.0
Gallen-Kallelan Museo,museums,Museums,60.20626,24.838,Affordable,3.8
Tarvaspään Kahvila- ja Tilausravintola,catering,Caterers,60.2062607,24.8379993,Not Listed,3.5
Leppävaaran Pizzapalvelu,pizza,Pizza,60.211689,24.82337,Most Affordable,3.5
Ravintola Nova Bistro - Stella Business Park,bistros,Bistros,60.2108917,24.8180809,Not Listed,3.0
Terra,restaurants,Restaurants,60.2121696,24.8174992,Most Affordable,3.0
Sävellys,indpak,Indian,60.2041442623076,24.8048747945094,Not Listed,2.0
Curry Palace,indpak,Indian,60.2168780126013,24.8106281137299,Affordable,4.0
Fuku Supreme,sushi,Sushi Bars,60.2181386206171,24.8099659124441,Affordable,4.0
Sellon kirjasto,libraries,Libraries,60.2176064637757,24.8099352167005,Not Listed,4.0
Classic Pizza,pizza,Pizza,60.2183939716667,24.8118827019196,Affordable,4.3
Ravintola Base,restaurants,Restaurants,60.2176404335502,24.8124413106482,Affordable,3.6
Chico's,tradamerican,American,60.2182372478054,24.811621321865,Affordable,3.2
Ristorante Il Gabbiano,italian,Italian,60.21838,24.8083591,Affordable,3.7
Lime Leaf,thai,Thai,60.21838,24.8083591,Affordable,2.9
Stadin Kebab,hotdogs,Fast Food,60.2181282,24.8128109,Most Affordable,3.3
Hesburger,"burgers, hotdogs","Burgers, Fast Food",60.2181282,24.8128109,Most Affordable,3.3
Mandarin Palace,chinese,Chinese,60.2181769153571,24.8119641745302,Affordable,2.8
William K.,"restaurants, pubs, bars","Restaurants, Pubs, Bars",60.21813,24.81281,Affordable,2.6
3 Amigos,mexican,Mexican,60.218678015512,24.8130964177559,Not Listed,3.0
Picnic,coffee,Coffee & Tea,60.2181186296699,24.8143815994263,Not Listed,3.0
Chopsticks,japanese,Japanese,60.2167091,24.8097401,Affordable,3.0
Ravintola Raviini,restaurants,Restaurants,60.2186699,24.8474903,Not Listed,3.0
Starbucks Sello,coffee,Coffee & Tea,60.2187590145854,24.8087738073472,Not Listed,3.0
Kotipizza,pizza,Pizza,60.2180501447501,24.8103685740582,Most Affordable,2.5
Leppävaaran uimahalli,swimmingpools,Swimming Pools,60.2120018005371,24.8238277435303,Not Listed,2.0
Smoker's Beer & BBQ,bbq,Barbeque,60.2181822446383,24.8080193996429,Not Listed,2.0
Hesburger,"burgers, hotdogs","Burgers, Fast Food",60.21838,24.8083591,Not Listed,2.0
Rax,"pizza, buffets","Pizza, Buffets",60.2181282,24.8128109,Most Affordable,1.5
Café Zoceria,desserts,Desserts,60.2212626038991,24.8131692645569,Affordable,4.3
Persian Ravintola,persian,Persian/Iranian,60.2213130732273,24.8156483304776,Not Listed,4.0
Ravintola Pinokkio,restaurants,Restaurants,60.2214394,24.8126392,Most Affordable,3.0
Hammaslääkärikeskus Helmi,dentists,Dentists,60.2209892,24.8117599,Not Listed,2.5
Kathmandu Palace,himalayan,Himalayan/Nepalese,60.2222727491811,24.8135110999135,Affordable,4.2
Harakanpesä,bars,Bars,60.2233112416919,24.812305967189,Affordable,4.0
Hesburger,"burgers, hotdogs","Burgers, Fast Food",60.2229385,24.8456402,Most Affordable,3.0
Teidän Sushi,sushi,Sushi Bars,60.2250563903547,24.8118255418909,Most Affordable,3.7
Palokaivon koirapuisto,dog_parks,Dog Parks,60.212719,24.798975,Not Listed,4.0
Gula Villan,scandinavian,Scandinavian,60.1409705850168,24.756875038147,Affordable,4.7
Cafe Merenneito,restaurants,Restaurants,60.150494788977,24.7553406706207,Affordable,4.8
Nokkalan Majakka,modern_european,Modern European,60.1482487978944,24.7534334287047,Not Listed,4.0
Matinkylän koirapuisto,dog_parks,Dog Parks,60.1613998,24.7417202,Not Listed,3.0
Villa Pentry,restaurants,Restaurants,60.1451607,24.7361393,Not Listed,5.0
Krouvi Fortuna,divebars,Dive Bars,60.1577606,24.7400093,Not Listed,2.0
Blue Jay,divebars,Dive Bars,60.2265507,24.8128074,Not Listed,3.7
Popomama,chinese,Chinese,60.16152,24.7377,Not Listed,5.0
Viikinkiravintola Harald,scandinavian,Scandinavian,60.1600889120288,24.7381458431482,Not Listed,3.8
Retro,modern_european,Modern European,60.1615181,24.7376995,Not Listed,3.0
The Lucky Bastard,burgers,Burgers,60.1610408236697,24.7378606574847,Not Listed,2.5
Ravintola SiipiWeikot IsoOmena,restaurants,Restaurants,60.16152,24.7377,Affordable,2.5
Goodwin,scandinavian,Scandinavian,60.16152,24.7377,Not Listed,1.0
Spice Garden,indpak,Indian,60.22902,24.8136024,Not Listed,4.4
Wok Up,asianfusion,Asian Fusion,60.1621231,24.7387956,Most Affordable,5.0
Hammaslääkäri Merikallio Minna,generaldentistry,General Dentistry,60.16151,24.7403799,Not Listed,5.0
Classic Pizza,pizza,Pizza,60.1615181,24.7376995,Affordable,4.0
Kirjasto Omena,libraries,Libraries,60.161561119635,24.7378635406494,Not Listed,3.9
Korean Kitchen,korean,Korean,60.1627951123895,24.7379892072772,Not Listed,4.0
Haikaranpesä,venues,Venues & Event Spaces,60.1615317036873,24.7648634940977,Expensive,3.6
Hesburger,"burgers, hotdogs","Burgers, Fast Food",60.1615181,24.7376995,Not Listed,4.0
Decanter Wine Bar & Shop,professional,Professional Services,60.1615181,24.7376995,Expensive,4.0
Puosun Grilli,foodstands,Food Stands,60.162187184085,24.7397347167134,Not Listed,4.0
Hanko Sushi,"japanese, sushi","Japanese, Sushi Bars",60.1615181,24.7376995,Affordable,4.0
Sports Academy,sportsbars,Sports Bars,60.1615181,24.7376995,Affordable,3.0
Salaattiasema,salad,Salad,60.1614943523109,24.7370320253289,Not Listed,3.0
Decanter,restaurants,Restaurants,60.1615181,24.7376995,Not Listed,3.0
Ison Omenan Hammaslääkärit,dentists,Dentists,60.1626892,24.7368393,Not Listed,2.0
Pizzarium,pizza,Pizza,60.1616351657682,24.7375121785607,Not Listed,1.0
Topparoikan koirapuisto,dog_parks,Dog Parks,60.2294312,24.8190098,Not Listed,3.0
Niittylounas,buffets,Buffets,60.16452,24.72961,Most Affordable,4.0
Kotipizza,pizza,Pizza,60.1595383,24.7120609,Not Listed,2.0
Haukilahden Paviljonki,scandinavian,Scandinavian,60.1551119450184,24.7733545303345,Expensive,3.8
Ravintola Keilalahden Ranta,buffets,Buffets,60.1768472,24.8327116,Not Listed,5.0
Ravintola Tapiontori,restaurants,Restaurants,60.1770287,24.8045502,Not Listed,5.0
Grilli Ribis,bbq,Barbeque,60.17659,24.8017693,Not Listed,5.0
Tuuliniityn koirapuisto,dog_parks,Dog Parks,60.1714554,24.7994251,Not Listed,5.0
Tran Tri Dung,vegan,Vegan,60.1757507,24.8009701,Not Listed,5.0
Kalabaari,seafood,Seafood,60.17659,24.8017693,Not Listed,4.0
Sumo,"japanese, sushi","Japanese, Sushi Bars",60.1757507,24.8043308,Not Listed,3.7
Kylä,modern_european,Modern European,60.1766391712164,24.8047194747004,Not Listed,4.0
Tapiolan hammaslääkäriasema,dentists,Dentists,60.1758461,24.8041039,Not Listed,4.0
Prithvi Planet,indpak,Indian,60.1627568540029,24.7922480106354,Affordable,4.0
Suomen Keinojuuriklinikka,generaldentistry,General Dentistry,60.1764908,24.8043594,Not Listed,4.0
Tempo,salad,Salad,60.175832358695,24.8039531707764,Affordable,3.5
Fratello,italian,Italian,60.1767099,24.8008082,Not Listed,3.0
Fransmanni,french,French,60.16959,24.9467201,Expensive,3.0
Subway,"hotdogs, sandwiches","Fast Food, Sandwiches",60.1756592,24.8018208,Most Affordable,3.0
Bar Oravanhäntä,pubs,Pubs,60.17584,24.79335,Not Listed,3.0
Ravintola Vihtori,bars,Bars,60.1746712,24.8081493,Not Listed,3.0
Ravintola Hemingway's,pubs,Pubs,60.17659,24.8017693,Not Listed,3.0
Picnic,coffee,Coffee & Tea,60.1757813,24.8027191,Not Listed,3.0
Tapiola Pizza,pizza,Pizza,60.1726112,24.8106308,Not Listed,3.0
Sherlock,pubs,Pubs,60.17607,24.80074,Not Listed,2.5
Funky Burger,sportsbars,Sports Bars,60.1760648624514,24.8040697040996,Expensive,1.7
Fusion Square,buffets,Buffets,60.1764908,24.8043594,Not Listed,2.0
Da You Life,sushi,Sushi Bars,60.1746712,24.8081493,Not Listed,1.0
Fafa's Areena,falafel,Falafel,60.17463,24.77994,Not Listed,4.5
Hesburger,"burgers, hotdogs","Burgers, Fast Food",60.176724416803,24.78198301164,Not Listed,3.0
Hammaslääkäri Mari Peltola,dentists,Dentists,60.17357,24.7281,Not Listed,5.0
Bar Ohana,bars,Bars,60.17347,24.72545,Most Affordable,4.0
Davisto,sportsbars,Sports Bars,60.1732245258163,24.7250387711772,Not Listed,4.0
Vaappuva Ankka,beerbar,Beer Bar,60.17199,24.72529,Most Affordable,4.0
Road House,mideastern,Middle Eastern,60.1726074,24.7272797,Not Listed,2.5
Olarin Krouvi,divebars,Dive Bars,60.1719894,24.7252903,Most Affordable,3.0
Olarin Vanha Mestari,turkish,Turkish,60.1734695,24.7254505,Most Affordable,3.0
Olarin Kamelit,bars,Bars,60.1720543392929,24.7253751754761,Most Affordable,3.0
Tony's Corner,indpak,Indian,60.1789253048997,24.8128153913598,Affordable,4.8
LN-Sushi Art,sushi,Sushi Bars,60.1792297,24.8125305,Not Listed,4.0
Tiki Bing,bars,Bars,60.1780018,24.8023268,Most Affordable,5.0
Mount Nepal,himalayan,Himalayan/Nepalese,60.17799,24.8019295,Most Affordable,3.8
Kilim,turkish,Turkish,60.1787531,24.8110257,Affordable,3.6
Geronimo,bars,Bars,60.17799,24.8019295,Affordable,3.3
Tapiolan kirjasto,libraries,Libraries,60.1775611379062,24.8047578334808,Not Listed,3.0
Tapiolan terveysasema,familydr,Family Practice,60.1785698,24.7979813,Not Listed,3.0
Olarius,karaoke,Karaoke,60.1757488459471,24.7340100733122,Not Listed,4.0
Olarin koirapuisto,dog_parks,Dog Parks,60.1773109,24.7409496,Not Listed,4.0
Bella,restaurants,Restaurants,60.1845207,24.8053493,Affordable,3.5
Ravintola San Luca,mediterranean,Mediterranean,60.1834602,24.7944393,Affordable,3.0
Kong Fu Zi,sushi,Sushi Bars,60.242102045627,24.8443660140038,Most Affordable,3.5
Ilo,indpak,Indian,60.2397921979643,24.8440129682422,Most Affordable,3.0
Vaahtera,restaurants,Restaurants,60.23983,24.8472805,Not Listed,2.5
Pitsku City,bars,Bars,60.2349586,24.8467197,Not Listed,2.0
Palermo,buffets,Buffets,60.23434,24.84332,Not Listed,1.0
Thai Food,thai,Thai,60.2229919155578,24.8554172564513,Not Listed,4.0
Ravintola Henrik,bars,Bars,60.2262306,24.85219,Not Listed,3.0
Pitopalvelu Lady,food,Food,60.1808281,24.8498592,Not Listed,4.0
Delivo,"coffee, delis","Coffee & Tea, Delis",60.1815780162625,24.8506035434628,Not Listed,3.5
Old Jerusalem,mideastern,Middle Eastern,60.180787784306,24.8500825177459,Not Listed,3.0
Ravintola Fat Lizard,brasseries,Brasseries,60.1855191298138,24.8204276699158,Not Listed,4.3
Kalevan Krouvi,danceclubs,Dance Clubs,60.1640892,24.9279594,Affordable,3.7
Hanko Sushi,"japanese, sushi","Japanese, Sushi Bars",60.1479010678182,24.9251411682941,Not Listed,4.0
Piece 'n' Love Pizza,pizza,Pizza,60.1480361631419,24.9261790465359,Not Listed,4.0
Grilli Toro,steak,Steakhouses,60.1874008,24.79669,Affordable,3.1
Ravintola Han,mediterranean,Mediterranean,60.1874,24.79669,Not Listed,3.0
Beef House,steak,Steakhouses,60.1875701,24.7970562,Not Listed,1.0
Kellohalli,restaurants,Restaurants,60.1902503967285,24.9718322753906,Affordable,3.9
Thai Street Food,thai,Thai,60.1875324615117,24.9644860184184,Not Listed,4.5
Työväenliikkeen Kirjasto,libraries,Libraries,60.1854706,24.9662094,Not Listed,4.0
Kahvila-ravintola Palema,modern_european,Modern European,60.18979,24.97252,Not Listed,4.5
Vallilan kirjasto,libraries,Libraries,60.1923294,24.9625397,Not Listed,3.7
Bar Loosister,bars,Bars,60.187098,24.9611024,Affordable,3.6
Alia,buffets,Buffets,60.1813583,24.9941502,Expensive,4.0
Siltanen,bars,Bars,60.184269,24.9600296,Affordable,3.5
Iltakoulu,bars,Bars,60.1883799480681,24.9595212936401,Most Affordable,3.5
William K.,"restaurants, pubs, bars","Restaurants, Pubs, Bars",60.1875083689417,24.9609177429916,Affordable,3.3
Pikku-Nepal,himalayan,Himalayan/Nepalese,60.1845779,24.9837379,Not Listed,4.0
Codle,vietnamese,Vietnamese,60.18635,24.96195,Not Listed,4.0
Sivuraide,hotdogs,Fast Food,60.1880302,24.9619598,Most Affordable,3.3
Bar Lepakkomies,bars,Bars,60.1877078773224,24.9596607685089,Affordable,3.2
Hermannin Pizza Kebab,turkish,Turkish,60.1948586,24.9664707,Affordable,3.2
Madame Kurvi,italian,Italian,60.18759,24.96348,Affordable,3.2
Nilgiri,himalayan,Himalayan/Nepalese,60.1883969496794,24.9645128846169,Not Listed,3.7
Kurvitar,divebars,Dive Bars,60.1883583,24.9627991,Most Affordable,3.0
Roots Helsinki,yoga,Yoga,60.1955171,24.9608107,Affordable,4.0
Mimin herkut,foodstands,Food Stands,60.1874412,24.9596879,Most Affordable,4.0
Brasileira,brazilian,Brazilian,60.1905831594635,24.9782861038714,Not Listed,4.0
Nepalilainen ravintola Lali Gurans,himalayan,Himalayan/Nepalese,60.19034,24.97531,Most Affordable,4.0
Eesti Maja,libraries,Libraries,60.1859207,24.9696503,Not Listed,4.0
Kolme Kaisaa,divebars,Dive Bars,60.1874008,24.9625206,Not Listed,3.0
Bar Bronco,restaurants,Restaurants,60.1866417,24.9618797,Not Listed,3.3
Hämeentien Hammaskeskus,dentists,Dentists,60.187439,24.9639797,Not Listed,3.5
Bambu,asianfusion,Asian Fusion,60.1859767940288,24.9615022647919,Affordable,2.6
Westminster,pizza,Pizza,60.1965408,24.9618301,Most Affordable,2.8
Ho's Food,chinese,Chinese,60.1903534,24.9722457,Affordable,2.5
Ravintola Lämpö,restaurants,Restaurants,60.1842194,24.9754009,Not Listed,2.8
Luckiefun's Restaurant,sushi,Sushi Bars,60.1868012,24.9659969,Not Listed,3.0
Grillsson,steak,Steakhouses,60.1858071,24.9614414,Expensive,3.0
Cafelito Cafe & Deli,coffee,Coffee & Tea,60.1870990565341,24.9590145102328,Not Listed,4.5
Ravintola Tanner,restaurants,Restaurants,60.1832526388696,24.9590720053514,Not Listed,4.5
Pengerpuisto,dog_parks,Dog Parks,60.1853652415118,24.9581578790346,Not Listed,3.7
Sir Oliver,restaurants,Restaurants,60.1819,24.9569607,Affordable,3.6
Cafe Pequeño,soup,Soup,60.1884747,24.9588095,Most Affordable,4.0
Bar Mucava,lounges,Lounges,60.1836586,24.9581699,Most Affordable,3.5
Ravintolalaiva Wäiski,restaurants,Restaurants,60.1788483,24.9583206,Not Listed,3.4
Hilpeä Hauki,bars,Bars,60.1886292,24.9597397,Expensive,3.4
Kultapalmu,pubs,Pubs,60.1882594922008,24.9588048903519,Most Affordable,3.2
MAUKAS,breakfast_brunch,Breakfast & Brunch,60.1828465,24.8280796,Most Affordable,4.5
Lukupuron koirapuisto,dog_parks,Dog Parks,60.1817709013596,24.7625178622328,Not Listed,5.0
Deliroom Ukkohauki,salad,Salad,60.1708261146305,24.7637309761944,Not Listed,4.0
Dipoli Kokous- ja Kongressipalvelut,venues,Venues & Event Spaces,60.1850123138,24.832028622549,Not Listed,4.7
X-Burger,burgers,Burgers,60.1836205,24.8313007,Most Affordable,4.3
Täffä,restaurants,Restaurants,60.1861,24.8330708,Most Affordable,4.0
Calori,restaurants,Restaurants,60.1824396500392,24.8318433288314,Most Affordable,4.0
Let's play | Amica,restaurants,Restaurants,60.178475346532,24.8357256129384,Not Listed,2.5
Kipsari,vegetarian,Vegetarian,60.18902,24.83316,Most Affordable,4.3
Add Café,coffee,Coffee & Tea,60.1890477,24.8258047,Not Listed,5.0
Vuotalo,libraries,Libraries,60.2086792,25.1438808,Not Listed,4.5
Vuosaaren Urheilutalo,swimmingpools,Swimming Pools,60.208889,25.1413803,Not Listed,4.5
Royal Pokhara,himalayan,Himalayan/Nepalese,60.2014060310658,25.1496669883719,Affordable,4.0
Hansini,pizza,Pizza,60.2050591,25.1585503,Most Affordable,4.0
Uutelan koirapuisto,dog_parks,Dog Parks,60.2010803,25.1712093,Not Listed,4.0
Olutravintola Solmu,pubs,Pubs,60.2013016,25.1493206,Affordable,4.0
Loisto,divebars,Dive Bars,60.20134,25.15153,Affordable,3.3
Vuo,kebab,Kebab,60.2101784,25.1435299,Most Affordable,2.6
Vuosaaren kirjasto,libraries,Libraries,60.2083864175454,25.1431131362915,Not Listed,2.7
Ciao! Caffé,"icecream, italian","Ice Cream & Frozen Yogurt, Italian",60.2070324199017,25.1462459564209,Not Listed,3.0
Subway,"hotdogs, sandwiches","Fast Food, Sandwiches",60.2060509,25.1344109,Affordable,3.0
Väylä,comfortfood,Comfort Food,60.2082291,25.1738892,Not Listed,3.0
Fregatti,scandinavian,Scandinavian,60.2066067112307,25.1454768214479,Affordable,1.5
Chico's,tradamerican,American,60.208047594064,25.1441804837195,Affordable,2.0
Ravintola New Light,indpak,Indian,60.2049713,25.1366806,Not Listed,4.0
McDonald's,"hotdogs, burgers","Fast Food, Burgers",60.2056313,25.1351604,Most Affordable,2.7
Vuosaaren koirapuisto,dog_parks,Dog Parks,60.2122498,25.1372604,Not Listed,3.0
Cafe m/s Otto,pubs,Pubs,60.2031708,25.1263809,Affordable,2.0
Rastilan Kartano,restaurants,Restaurants,60.2068329,25.1205654,Not Listed,4.0
Pikku-Pelikaani,divebars,Dive Bars,60.2041206,25.11866,Affordable,3.5
Southland,chinese,Chinese,60.2038546,25.1170445,Most Affordable,4.0
Rastila Express Pizzeria,pizza,Pizza,60.2041206,25.11866,Not Listed,3.3
Hampuris,"hotdogs, burgers","Fast Food, Burgers",60.2070808,25.1019306,Not Listed,3.3
Puotilan Kartano,restaurants,Restaurants,60.2119789,25.1068897,Expensive,3.0
Vartiokylänlahti,recreation,Recreation Centers,60.2170792,25.1183491,Not Listed,3.8
Vuosaaren Kebab ja Pizzeria,pizza,Pizza,60.2214012,25.1387901,Most Affordable,3.3
Ravintola Hang Out 10,pubs,Pubs,60.2214012,25.1387901,Affordable,3.0
Pub Cheers,danceclubs,Dance Clubs,60.2214012,25.1387901,Affordable,2.7
Eiranrannan koirapuisto,dog_parks,Dog Parks,60.1546097,24.9376106,Not Listed,3.5
The Dockyard,burgers,Burgers,60.15657,24.93036,Not Listed,2.5
Ristorante Dei Piselli,restaurants,Restaurants,60.1565704,24.9303608,Not Listed,2.0
Pikkulintu,beerbar,Beer Bar,60.21282,25.09621,Affordable,4.6
Comviet,vietnamese,Vietnamese,60.2128181,25.0962105,Affordable,3.0
Puotilan Pizzeria,kebab,Kebab,60.2128181,25.0962105,Most Affordable,3.0
The Chili's,bars,Bars,60.195583879752,24.765694047397,Most Affordable,4.5
Yoga Nordic,pilates,Pilates,60.1944562,24.7685477,Not Listed,4.0
Pizza Taxi,pizza,Pizza,60.1948586,24.7667294,Not Listed,3.0
Apéro,french,French,60.1642953,24.9295536,Affordable,3.8
Shubha Kamana,himalayan,Himalayan/Nepalese,60.1607018,24.9298306,Expensive,3.4
Asia 1,chinese,Chinese,60.1607018,24.9298306,Not Listed,4.0
Hemingway's,"pubs, divebars, bars","Pubs, Dive Bars, Bars",60.16224,24.92862,Affordable,3.3
Tokyo Street Helsinki,japanese,Japanese,60.1630185819078,24.9292844161391,Not Listed,4.0
Le Marche,salad,Salad,60.1626359240704,24.9300571391202,Not Listed,4.0
Stadin Herkut,gourmet,Specialty Food,60.1629525245835,24.929685741663,Not Listed,4.0
Hampton Bay,seafood,Seafood,60.1607352699729,24.9291829930338,Not Listed,4.0
Petiscaria,modern_european,Modern European,60.1630598478584,24.9293671501159,Not Listed,4.0
Soppakeittiö,soup,Soup,60.163171,24.929242,Most Affordable,4.0
Ravintola Provinssi,pubs,Pubs,60.23781,25.11702,Not Listed,4.0
Il Treno,divebars,Dive Bars,60.2386589,25.1107197,Not Listed,3.0
Lännen Kulta,bars,Bars,60.2426186,25.1115608,Not Listed,3.0
Antep Pizza Kebab,pizza,Pizza,60.2432213,25.1108208,Not Listed,3.0
Ravintola Länkkäri,bars,Bars,60.2426186,25.1115608,Not Listed,2.0
Ravintola Bluebell,buffets,Buffets,60.2050209,24.7787209,Not Listed,4.0
African Pots,african,African,60.1975023751287,24.9504869069153,Most Affordable,4.2
Pasilan kirjasto,libraries,Libraries,60.20084,24.9358101,Not Listed,4.1
Yle,libraries,Libraries,60.2027817,24.9239998,Not Listed,3.9
Savor,buffets,Buffets,60.1971250215486,24.9479781822373,Most Affordable,4.5
Kahvihuone,vietnamese,Vietnamese,60.1908079818892,24.9485151665915,Not Listed,4.5
Cheng Long,chinese,Chinese,60.1948487,24.9556584,Most Affordable,3.7
Mala,sushi,Sushi Bars,60.1990395,24.937851,Affordable,3.5
South China,chinese,Chinese,60.2006607,24.9346504,Not Listed,3.2
Factory Bistro Vallila,bistros,Bistros,60.196677432164,24.9474621138246,Not Listed,4.0
Thai-Asia Take-Away,restaurants,Restaurants,60.19841,24.9410801,Most Affordable,4.0
Helsingin Kaupunginkirjasto,libraries,Libraries,60.200751688915,24.9361187552577,Not Listed,4.0
Natha,yoga,Yoga,60.1970406,24.9499092,Not Listed,4.0
Everest,himalayan,Himalayan/Nepalese,60.1953392,24.9472103,Not Listed,4.0
Terra Nova Brasserie,french,French,60.202,24.93673,Not Listed,4.0
Ravintola Musta Härkä,sportsbars,Sports Bars,60.19661,24.95096,Affordable,2.8
Ravintola 91.1,restaurants,Restaurants,60.1964798,24.9442902,Most Affordable,3.3
Factory,"steak, breakfast_brunch, scandinavian","Steakhouses, Breakfast & Brunch, Scandinavian",60.1963806,24.9420109,Most Affordable,2.8
Sture 21,musicvenues,Music Venues,60.1922277,24.9525574,Not Listed,3.5
Kultainen Kulaus,pubs,Pubs,60.1911316,24.9469109,Not Listed,2.7
Alppilan Huone,vietnamese,Vietnamese,60.19113,24.94691,Not Listed,3.0
Piccolo Pizza,pizza,Pizza,60.1986809,24.9335194,Most Affordable,3.0
Golden Rice Bowl,chinese,Chinese,60.1907387,24.9445,Not Listed,2.7
Brahen koirapuisto,dog_parks,Dog Parks,60.1898499,24.9492493,Not Listed,3.0
Amica Ravintolat Akavatalo,restaurants,Restaurants,60.2009811,24.9369907,Not Listed,3.0
Vallilan koirapuisto,dog_parks,Dog Parks,60.1926613,24.9550209,Not Listed,3.0
Reitti 2000,mountainbiking,Mountain Biking,60.1916924,24.924078,Not Listed,3.0
Haaga-Helia,collegeuniv,Colleges & Universities,60.2015991,24.9337406,Not Listed,3.0
Haaga-Helian kirjasto,libraries,Libraries,60.2015991,24.9337406,Not Listed,3.0
Subway,"hotdogs, sandwiches","Fast Food, Sandwiches",60.1988326640548,24.9335390047546,Most Affordable,3.0
Ravintola Windsor,bars,Bars,60.1982117,24.9260292,Not Listed,2.5
Alppipuiston koira-aitaus,dog_parks,Dog Parks,60.1919087431155,24.9347063439026,Not Listed,2.0
Olohuone,coffee,Coffee & Tea,60.2017088847703,24.9374893790779,Not Listed,2.0
Baari 7-Veljestä,pubs,Pubs,60.19489,24.93833,Not Listed,2.0
Pub East-West,pubs,Pubs,60.1992302,24.9407597,Expensive,2.0
Ravintola Mode,pubs,Pubs,60.1909599,24.9419098,Not Listed,1.0
Hesburger,"burgers, hotdogs","Burgers, Fast Food",60.2019997,24.9367294,Not Listed,1.0
Itä-Pasilan Hammaslääkärit,dentists,Dentists,60.2006607,24.9346504,Not Listed,1.0
Thai Curry,thai,Thai,60.2134018,24.9572201,Not Listed,4.0
Dylan,buffets,Buffets,60.2116741327915,24.9782010083565,Affordable,3.8
El Karim,restaurants,Restaurants,60.2119898692537,24.9542806968145,Affordable,3.8
Käpygrilli,modern_european,Modern European,60.21073,24.9502,Affordable,3.6
Cactus,mexican,Mexican,60.2093331,24.9461591,Affordable,4.0
Old Sophie,bars,Bars,60.208830363413,24.9476967683157,Affordable,3.4
Oljenkorsi,pubs,Pubs,60.20721,24.9685099,Affordable,3.3
Parmesan Arabia,falafel,Falafel,60.2075721599131,24.9776406213641,Most Affordable,4.0
Arabianrannan kirjasto,libraries,Libraries,60.2089806,24.9767303,Not Listed,3.5
China Flavor,chinese,Chinese,60.2027268424335,24.9680902808905,Not Listed,4.0
Olotila,bars,Bars,60.2074474604679,24.9792067967284,Expensive,3.1
Päätön Kana,pubs,Pubs,60.2140503,24.9447403,Not Listed,4.0
Hampuris,"hotdogs, burgers","Fast Food, Burgers",60.1986313,24.9699078,Not Listed,4.0
Vallilanlaakson koirapuisto,dog_parks,Dog Parks,60.1981392,24.9584007,Not Listed,4.0
Käpylän Yhdyskuntaklubi,nonprofit,Community Service/Non-Profit,60.210653554506,24.945648527125,Not Listed,4.0
Swagatam,himalayan,Himalayan/Nepalese,60.2084163503134,24.9781293528306,Not Listed,4.0
Herkku-Haarukka,indpak,Indian,60.2103119,24.9760704,Most Affordable,2.9
Nyyrikki,restaurants,Restaurants,60.2140470149767,24.9448013305664,Expensive,3.3
Taideteollisen korkeakoulun kirjasto,libraries,Libraries,60.2087625,24.9756101,Not Listed,3.5
Parmesan,hotdogs,Fast Food,60.2086245349624,24.9657321750898,Most Affordable,3.0
Arabiakeskus,libraries,Libraries,60.2089806,24.9767303,Not Listed,3.0
Chico's,tradamerican,American,60.20224,24.9668293,Not Listed,3.0
Pizza Express,"pizza, kebab","Pizza, Kebab",60.21323,24.94428,Not Listed,3.0
Käpylän Kirjasto,libraries,Libraries,60.210839835543,24.947144832314,Not Listed,3.0
Ravintola Nyyrikki,comfortfood,Comfort Food,60.2140503,24.9447403,Not Listed,3.0
Kumpulanlaakson koirapuisto,dog_parks,Dog Parks,60.2054179699607,24.9589000922201,Not Listed,3.0
Pub Kasin Kulma,pubs,Pubs,60.1965408,24.9618301,Most Affordable,1.0
Ciao! Caffé,"icecream, italian","Ice Cream & Frozen Yogurt, Italian",60.20292,24.96819,Most Affordable,1.0
Vantaan Kaupunki Länsimäen Kirjasto,libraries,Libraries,60.2464218,25.1148109,Not Listed,3.5
Ravintola Finmeri,sushi,Sushi Bars,60.2113344855007,24.9198370428223,Most Affordable,3.0
Eurest Postelli,restaurants,Restaurants,60.2125667722363,24.9181136193401,Most Affordable,1.5
Kontulan Kelkkapuisto,localservices,Local Services,60.2300491,25.0868206,Not Listed,3.7
Wing Wah,chinese,Chinese,60.2383614,25.0836601,Not Listed,3.3
Shish Kebab,kebab,Kebab,60.235939,25.0830898,Affordable,4.0
Helmi Grilli,bbq,Barbeque,60.236471061791,25.084254852442,Affordable,2.8
Aapelin Baari,bars,Bars,60.2383614,25.0836601,Affordable,2.7
Pub 94,divebars,Dive Bars,60.23948,25.0759,Not Listed,2.7
Ravintola Wenla,food,Food,60.235939,25.0830898,Affordable,3.0
Paris Pub,divebars,Dive Bars,60.2382202,25.08395,Most Affordable,3.0
Mr. Lau,chinese,Chinese,60.2100487,24.8894596,Most Affordable,3.8
Etelä-Haagan kirjasto,libraries,Libraries,60.2139702,24.8922768,Not Listed,3.8
Hauler,pizza,Pizza,60.2118797,24.8878403,Affordable,3.8
Hao Shi,chinese,Chinese,60.2154987,24.8810812,Not Listed,4.0
Famia,sushi,Sushi Bars,60.2163315,24.8981304,Affordable,3.0
Frendi,divebars,Dive Bars,60.2104416,24.8849106,Affordable,3.0
Café Lemon Bar,pubs,Pubs,60.2121887,24.8976593,Not Listed,3.0
Kotipizza,pizza,Pizza,60.2093697,24.8894691,Not Listed,1.0
Jyvänen,gastropubs,Gastropubs,60.2242508,25.0733795,Not Listed,3.0
Kontulan Kebab Pizzeria,pizza,Pizza,60.236799256122,25.082011545755,Not Listed,2.5
Ravintola Talin Kartano,scandinavian,Scandinavian,60.2156906,24.8646908,Affordable,4.0
Pikku Ranska,french,French,60.2089585114323,24.8668528188018,Most Affordable,3.5
Valimon Kebab Pizzeria,pizza,Pizza,60.2158089,24.8756599,Not Listed,4.0
Subway,"hotdogs, sandwiches","Fast Food, Sandwiches",60.2152539963467,24.8760784417391,Most Affordable,4.0
Blancco,buffets,Buffets,60.2149506,24.8757992,Not Listed,3.0
Mero-Nepal,himalayan,Himalayan/Nepalese,60.2140884,24.8740807,Not Listed,3.5
Mardin,pizza,Pizza,60.217411,24.8900204,Most Affordable,3.0
McDonald's,"hotdogs, burgers","Fast Food, Burgers",60.2136192,24.8797703,Most Affordable,2.7
Cafe Valimo,coffee,Coffee & Tea,60.2199459288164,24.8773457854986,Not Listed,3.0
Factory,"steak, breakfast_brunch, scandinavian","Steakhouses, Breakfast & Brunch, Scandinavian",60.2177086,24.8787708,Most Affordable,3.0
Pho 17,vietnamese,Vietnamese,60.22421,24.85995,Most Affordable,4.7
Pizzeria Online,pizza,Pizza,60.2243004,24.8594093,Not Listed,2.8
Pitäjänmäen Pizzapalvelu,pizza,Pizza,60.2240791,24.8608494,Most Affordable,3.0
Pitäjänmäen Kirjasto,libraries,Libraries,60.2268219,24.8602905,Not Listed,4.0
The Gallows Bird,pubs,Pubs,60.17076,24.77212,Affordable,4.0
Hua Fu Jiu Lou,chinese,Chinese,60.2518997,25.0080605,Not Listed,3.0
Katukeittiö,hotdogs,Fast Food,60.2370796,25.0904007,Not Listed,3.0
Rosas Pizzeria,pizza,Pizza,60.21689,24.90367,Not Listed,3.3
Makiata,coffee,Coffee & Tea,60.2256045312951,24.8944509029388,Not Listed,5.0
Maratan-Pippuri,restaurants,Restaurants,60.2216682,24.9037609,Not Listed,3.0
Lounasravintola Minttu,restaurants,Restaurants,60.2246399,24.8987598,Not Listed,3.0
Haagan Pizza Service,pizza,Pizza,60.2216187,24.9044495,Most Affordable,3.0
Ravintola Täysikuu,restaurants,Restaurants,60.2219086,24.9046192,Not Listed,2.0
Ravintola Xin Yuan,chinese,Chinese,60.23118,24.88128,Not Listed,4.7
Blue Ocean,asianfusion,Asian Fusion,60.2295914,24.8813992,Not Listed,3.0
Asian Open Kitchen,sushi,Sushi Bars,60.2292698529372,24.8810097988113,Most Affordable,2.3
Lounastamo,scandinavian,Scandinavian,60.24251,25.04749,Most Affordable,4.0
Lounasbreikki,scandinavian,Scandinavian,60.24375,25.043,Not Listed,3.0
Rioni,georgian,Georgian,60.1633752578126,24.7746841309005,Not Listed,5.0
Yuzu,sushi,Sushi Bars,60.1629791,24.7752705,Affordable,4.0
Ravintola E. T. Charlie,buffets,Buffets,60.1603699,24.7620792,Affordable,3.3
Kotipizza,pizza,Pizza,60.1631317,24.7753506,Not Listed,3.0
Pohjois-Haagan Kirjasto,libraries,Libraries,60.2321701,24.8870907,Not Listed,3.4
Pohjanpoika,bars,Bars,60.261105516788,25.076257749615,Not Listed,3.0
Chilitos,mexican,Mexican,60.2368546,24.8888588,Affordable,5.0
Peking House,chinese,Chinese,60.2295698715089,24.8961590534424,Most Affordable,4.0
Tupla Ässä,pizza,Pizza,60.2296257,24.8953514,Most Affordable,3.5
La Famiglia,italian,Italian,60.2372641967158,24.8917285145426,Affordable,3.2
Arnolds,donuts,Donuts,60.2366982881742,24.8909049993363,Most Affordable,3.7
Spaghetteria,italian,Italian,60.2368546,24.8888588,Not Listed,3.0
Kannelmäen kirjasto,libraries,Libraries,60.2388496,24.8761597,Not Listed,4.0
T:mi Bar Cafe Haagan Helmi,bars,Bars,60.2298088,24.8960991,Most Affordable,4.0
Wok Up,asianfusion,Asian Fusion,60.2368546,24.8888588,Not Listed,2.7
Hanko Sushi,"japanese, sushi","Japanese, Sushi Bars",60.2368546,24.8888588,Not Listed,3.0
Sole,pizza,Pizza,60.2297390759218,24.8962653899237,Most Affordable,2.0
Hesburger,"burgers, hotdogs","Burgers, Fast Food",60.2374523585071,24.8932771066406,Affordable,2.0
Kannel-Pub,pubs,Pubs,60.2392502,24.8750706,Not Listed,2.0
Sorbet,indpak,Indian,60.238,24.88681,Not Listed,2.0
Ravintola Britannia,burgers,Burgers,60.24123,24.88608,Affordable,3.4
Kannel-Krouvi,divebars,Dive Bars,60.2394295,24.8752594,Not Listed,3.0
Food corner,pizza,Pizza,60.2394295,24.8752594,Not Listed,3.0
Pizza Express,"pizza, kebab","Pizza, Kebab",60.2394295,24.8752594,Not Listed,2.0
Puistolan Pizzapalvelu,pizza,Pizza,60.2744217,25.0450306,Not Listed,4.0
Pelimanni,restaurants,Restaurants,60.2747688,25.0462494,Not Listed,4.0
Vanhankaupunginlahden luonnonsuojelualue,hiking,Hiking,60.2208099,25.0121593,Not Listed,4.8
Viikin kirjasto,libraries,Libraries,60.2273712,25.0126095,Not Listed,4.3
Viikin Infokeskus Korona,libraries,Libraries,60.2273712,25.0126095,Not Listed,4.0
Viikin kampuskirjasto,libraries,Libraries,60.22737,25.01261,Not Listed,3.7
Viikin Kartano,comfortfood,Comfort Food,60.2265091,25.0110893,Not Listed,4.0
Chico's,tradamerican,American,60.2274399,25.0084591,Not Listed,3.0
Viikin monitoimitalo,active,Active Life,60.2291298,25.0255909,Not Listed,3.0
Unicafe Biokeskus,coffee,Coffee & Tea,60.2270699,25.0151806,Most Affordable,3.0
Unicafe,"restaurants, comfortfood","Restaurants, Comfort Food",60.22995,25.02155,Not Listed,3.0
Unicafe Korona,restaurants,Restaurants,60.2273712,25.0126095,Not Listed,2.0
Pizza Taikurit,pizza,Pizza,60.2763481,25.0348606,Most Affordable,5.0
Bar Tapulin Piano,bars,Bars,60.2753176600851,25.0340757517792,Not Listed,4.0
Evin Pizzeria,restaurants,Restaurants,60.2745705,25.0337906,Not Listed,3.3
McDonald's,"hotdogs, burgers","Fast Food, Burgers",60.2835808,25.0280209,Not Listed,3.0
A-Hana,bars,Bars,60.2754097,25.0305595,Not Listed,3.0
Pitopalvelu Pilke,food,Food,60.2751083,25.03162,Not Listed,1.0
Palmia Duetto,scandinavian,Scandinavian,60.2203407,24.9438496,Not Listed,5.0
Bandipur,himalayan,Himalayan/Nepalese,60.2195376138109,24.9372022971511,Not Listed,3.0
A  Li Shan,chinese,Chinese,60.2201614,24.9401798,Most Affordable,3.0
Ravintola Tandoori Villa,indpak,Indian,60.21942,24.93776,Not Listed,1.0
Manteli Triotto,restaurants,Restaurants,60.2204971,24.9426823,Not Listed,1.0
Kruunuvuori,hiking,Hiking,60.1743925205513,25.0166910468383,Not Listed,4.0
Stansvik,restaurants,Restaurants,60.1628629876656,25.0291485029327,Expensive,3.8
Kahvila Helmi,breakfast_brunch,Breakfast & Brunch,60.2377722716055,24.9285541641811,Not Listed,5.0
Dylan,buffets,Buffets,60.2231657,24.9493373,Affordable,3.5
House of sandwiches,coffee,Coffee & Tea,60.2383051889672,24.9278628453612,Not Listed,4.0
Ravintola Ogeli,pubs,Pubs,60.22485,24.95124,Affordable,2.0
Subway,"hotdogs, sandwiches","Fast Food, Sandwiches",60.2801819,25.0122604,Not Listed,3.0
Pakilan Pizza,kebab,Kebab,60.24571,24.9240299,Not Listed,3.0
Veininmylly,coffee,Coffee & Tea,60.2889786,25.0377102,Not Listed,3.7
Osaka Sushi,sushi,Sushi Bars,60.2890573,24.9986839,Most Affordable,3.0
Käpylän Lippakioski,kiosk,Kiosk,60.2164993,24.9546108,Most Affordable,4.8
Oulunkylän Kirjasto,libraries,Libraries,60.2280693,24.9625492,Not Listed,5.0
Capperi,pizza,Pizza,60.2312698298646,24.968030922229,Expensive,4.0
Käpylän Pizza Kebab Palvelu,pizza,Pizza,60.2162514,24.9581299,Most Affordable,3.2
O'Gelis Bar,pubs,Pubs,60.22992,24.96849,Most Affordable,3.7
Vega,bars,Bars,60.2284088,24.9630508,Not Listed,2.7
Friendly Burger's,foodstands,Food Stands,60.228199,24.9619408,Not Listed,3.0
99 burgers,burgers,Burgers,60.2284088,24.9630508,Not Listed,3.0
Hesburger,"burgers, hotdogs","Burgers, Fast Food",60.2728543719875,24.9716334887386,Most Affordable,5.0
Long City,chinese,Chinese,60.2776284805477,24.9715930539279,Not Listed,3.0
McDonald's,"hotdogs, burgers","Fast Food, Burgers",60.27089,24.97465,Not Listed,2.5
Ravintola Konja 1,bars,Bars,60.2611008,24.9842796,Not Listed,3.0
Chinaman,chinese,Chinese,60.2639999,25.0267696,Most Affordable,3.7
Midhill,tradamerican,American,60.1883583,24.9405003,Expensive,3.3
Funky Kitchen,tradamerican,American,60.1883583,24.9405003,Not Listed,3.0
Coccola,mediterranean,Mediterranean,60.1883583,24.9405003,Affordable,2.3
Tvijälp,hiking,Hiking,60.1559021437028,24.806227684021,Not Listed,4.0
Koskenranta,restaurants,Restaurants,60.2167437168447,24.9845623970032,Affordable,3.5
Makalu,himalayan,Himalayan/Nepalese,60.2503387774196,25.0130947788404,Most Affordable,4.8
Malmitalo,theater,Performing Arts,60.2506104,25.0134239,Not Listed,4.0
Subway,"hotdogs, sandwiches","Fast Food, Sandwiches",60.2564583,25.0274792,Not Listed,4.0
Gate1,breakfast_brunch,Breakfast & Brunch,60.2516034115089,25.042112,Most Affordable,3.0
Malmin kirjasto,libraries,Libraries,60.2504697270122,25.0149116412781,Not Listed,2.5
Ohjelmaravintola Malmintori,restaurants,Restaurants,60.2534409,25.0111198,Not Listed,2.5
Kotipizza,pizza,Pizza,60.2507782,25.0121803,Not Listed,2.5
Caruzello,buffets,Buffets,60.1883583,24.9405003,Not Listed,3.0
Ravintola Lef,thai,Thai,60.2519325528049,25.0106193870306,Not Listed,4.0
Konja 2,divebars,Dive Bars,60.2521515,25.0082493,Most Affordable,3.3
Ruoka-aika,restaurants,Restaurants,60.2523003,25.0074806,Not Listed,3.5
Ravintola Fino,indpak,Indian,60.25202,25.01041,Not Listed,1.0
Siima Baari,pubs,Pubs,60.1886597,24.9545193,Not Listed,3.3
Romano,pizza,Pizza,60.187561,24.9477806,Not Listed,3.0
Lucky Nine Bar,bars,Bars,60.18899,24.95246,Affordable,2.7
Luckynine,sportsbars,Sports Bars,60.1889915,24.9524593,Most Affordable,2.7
Kattila,restaurants,Restaurants,60.1883583,24.9405003,Not Listed,2.7
Berghyddan,venues,Venues & Event Spaces,60.2150497,24.9790401,Not Listed,5.0
Pulmu,pubs,Pubs,60.1862106,24.9538708,Affordable,3.8
Danphe,himalayan,Himalayan/Nepalese,60.1951904,24.9577198,Affordable,3.7
Kustaa Vaasa,bars,Bars,60.18805,24.95695,Not Listed,3.6
Beach,restaurants,Restaurants,60.1944389,24.95611,Affordable,4.0
Roskapankki,pubs,Pubs,60.1867657498276,24.9517967502052,Most Affordable,3.5
Cella,divebars,Dive Bars,60.1864395,24.9538403,Affordable,3.5
Cardemumma,cupcakes,Cupcakes,60.1865254723598,24.9518216725883,Affordable,3.4
Peking,chinese,Chinese,60.1890411,24.9566498,Affordable,3.4
Marco Polo,pizza,Pizza,60.1936417,24.9578991,Most Affordable,3.3
King Kebab,turkish,Turkish,60.1951103,24.9568806,Most Affordable,3.3
Tenho Restobar,pizza,Pizza,60.1872388420184,24.9548745680127,Not Listed,4.0
Pikku-Vallila,divebars,Dive Bars,60.192091576484,24.959111088453,Affordable,3.2
Pihlajiston Pizzeria,kebab,Kebab,60.2310982,24.9991703,Most Affordable,1.0
Kebab Pizzeria Midjat,hotdogs,Fast Food,60.2516098,25.007021,Most Affordable,2.8
Lucky Lady,bars,Bars,60.2518264370933,25.007864967743,Most Expensive,2.0
Majava Baari,bars,Bars,60.1828642940038,24.9527192115784,Affordable,3.8
Du Dii,thai,Thai,60.1831589,24.9543896,Affordable,3.7
Ravintola Fan,panasian,Pan Asian,60.23372,25.01144,Not Listed,4.0
U2,bars,Bars,60.23372,25.01144,Not Listed,3.0
Thai Thai,thai,Thai,60.248909,25.0106392,Affordable,4.7
Malmin toimintakeskus,localservices,Local Services,60.2517497,25.0081776,Not Listed,5.0
Bierhaus,beerbar,Beer Bar,60.2518376846862,25.0094140543163,Affordable,4.0
Tillikka,bars,Bars,60.2482796,25.0090103,Affordable,2.0
Malmin Hammaslääkäriasema,dentists,Dentists,60.2509689,25.0088406,Not Listed,1.0
Kaski,bistros,Bistros,60.2340143232981,25.032542063331,Affordable,3.6
Kahvila & Ravintola Check-In/La Bamba Finland,restaurants,Restaurants,60.2496391327355,25.0454039050293,Most Affordable,3.0
Pizza Express,"pizza, kebab","Pizza, Kebab",60.2431717,25.0294209,Most Affordable,3.0
Cheng Du,chinese,Chinese,60.1864586,25.0076199,Expensive,5.0
Kulosaaren Casino,venues,Venues & Event Spaces,60.1808891,25.0060596,Expensive,4.0
Ravintola La Plage,tapasmallplates,Tapas/Small Plates,60.1827598558548,24.9962813518199,Not Listed,4.0
Brändö Seglare,social_clubs,Social Clubs,60.1852493,25.0025692,Not Listed,4.0
Kuparilyhty,restaurants,Restaurants,60.1864586,25.0076199,Not Listed,3.0
Vertical Club,yoga,Yoga,60.1882095,24.9738808,Not Listed,1.5
Ravintola Pyysaari,restaurants,Restaurants,60.179550590857,25.0239780861498,Expensive,4.3
Palma De Pyy,comfortfood,Comfort Food,60.179550590857,25.0239780861498,Not Listed,3.0
Kanelisaari,pizza,Pizza,60.188549,24.9648609,Not Listed,3.0
Palmeri,pizza,Pizza,60.188591,24.9643402,Affordable,2.7
Bar Flagon,divebars,Dive Bars,60.1872787,24.9645004,Not Listed,2.5
Georgian House,georgian,Georgian,60.1886700707486,24.9634572896143,Affordable,2.7
Stadin Tähti,danceclubs,Dance Clubs,60.1902843756015,24.9626862337319,Not Listed,2.1
Väinö Vähäkallion puiston koirapuisto,dog_parks,Dog Parks,60.1833611,24.9623795,Not Listed,3.0
Del Mar,spanish,Spanish,60.1861801,25.0314999,Not Listed,4.7
Treffi Pub & Bistro,pubs,Pubs,60.1953137080367,25.0307003315538,Affordable,3.9
Mantra,himalayan,Himalayan/Nepalese,60.1867944667487,25.0304358350868,Affordable,3.9
Ravintola Gurkha,himalayan,Himalayan/Nepalese,60.1948021,25.0285489,Affordable,3.7
Thalassa,mediterranean,Mediterranean,60.1855011,25.0335293,Affordable,4.0
Sailor's,restaurants,Restaurants,60.1874008,25.0314808,Affordable,3.5
Factory,"steak, breakfast_brunch, scandinavian","Steakhouses, Breakfast & Brunch, Scandinavian",60.1922493,25.0295391,Most Affordable,3.5
Peach Garden,chinese,Chinese,60.1948021,25.0285489,Most Affordable,3.0
Spoon Mama,delis,Delis,60.1922493,25.0295391,Most Affordable,3.0
Hertsikan Helmi,sportsbars,Sports Bars,60.193161,25.0302391,Expensive,2.5
Picnic,coffee,Coffee & Tea,60.1926918,25.0324001,Not Listed,2.0
McDonald's,"hotdogs, burgers","Fast Food, Burgers",60.2428573704142,24.9780791625381,Most Affordable,3.0
Laajasalon kirjasto,libraries,Libraries,60.1793611178032,25.0520715338084,Not Listed,4.0
Kapteenin Kajuutta,pubs,Pubs,60.1794014,25.0555706,Not Listed,2.0
Ravintola Wanha Mylly,modern_european,Modern European,60.1902726266338,25.0421120260727,Expensive,4.0
East Asia Restaurant,chinese,Chinese,60.1926957015349,25.0428744137681,Most Affordable,3.0
Coco Grill,latin,Latin American,60.19459,24.95784,Affordable,4.0
McDonald's,"hotdogs, burgers","Fast Food, Burgers",60.1904115162543,24.9562615671353,Most Affordable,3.5
Sturenkadun Pizzeria,pizza,Pizza,60.194931,24.9585209,Not Listed,2.5
Hakaniemenrannan Grilli,hotdogs,Fast Food,60.1947098,24.9569302,Not Listed,3.0
Thai Aroy,thai,Thai,60.1966896,25.0548801,Most Affordable,4.0
Zheng Sushi Bar,sushi,Sushi Bars,60.1966896,25.0548801,Most Affordable,3.9
Roihuvuoren Kirjasto,libraries,Libraries,60.1948509,25.0515404,Not Listed,3.0
Nur Pizza Kebab,kebab,Kebab,60.24841,24.95855,Most Affordable,5.0
Paloheinän kirjasto,libraries,Libraries,60.2490692,24.9412994,Not Listed,4.0
Populus,karaoke,Karaoke,60.1890488,24.9550304,Affordable,3.1
Quick Wok,chinese,Chinese,60.1890602,24.9579906,Most Affordable,3.0
Pizza Express,"pizza, kebab","Pizza, Kebab",60.1912613,25.0348606,Not Listed,4.0
Maritori,restaurants,Restaurants,60.1957207,25.0419807,Not Listed,4.0
Hertta 5,bars,Bars,60.1927664051977,25.0364229083061,Most Affordable,4.0
Hampuris,"hotdogs, burgers","Fast Food, Burgers",60.19569,25.03847,Not Listed,3.0
New hua du,sushi,Sushi Bars,60.1938136580579,25.0337463589132,Not Listed,1.0
Tuomarinkylän kartano,restaurants,Restaurants,60.2563896,24.9561291,Not Listed,4.0
My Way,restaurants,Restaurants,60.1946487,24.9558201,Not Listed,3.0
Ravintola Hermannin Kukko,bars,Bars,60.1957703,24.96348,Not Listed,1.8
Mukesh,coffee,Coffee & Tea,60.1944389,24.95611,Not Listed,2.0
Jufu,chinese,Chinese,60.1975212,25.0391903,Affordable,2.5
Ravintola Sunside,restaurants,Restaurants,60.2013817,25.0468102,Not Listed,5.0
Siilinpesä,pizza,Pizza,60.2067484952373,25.0443847716157,Most Affordable,4.3
Kokki,restaurants,Restaurants,60.2065086,25.0591698,Affordable,4.0
Papan Lounas & Pizza,fooddeliveryservices,Food Delivery Services,60.2047253,25.0507243,Affordable,4.0
Herttoniemen terveysasema,physicians,Doctors,60.20733,25.03642,Not Listed,4.0
Pikku-Hukka,modern_european,Modern European,60.2043867,25.0344371,Not Listed,4.0
Foxy Bear,pizza,Pizza,60.2044926887692,25.0339091077288,Not Listed,3.3
Herttoniemen kirjasto,libraries,Libraries,60.2073288,25.0364208,Not Listed,3.0
Moola,yoga,Yoga,60.2030259,25.0593065,Not Listed,3.0
Savalan Pizza & Kebab,pizza,Pizza,60.2025390933902,25.0593658197348,Not Listed,1.0
Karelia,venues,Venues & Event Spaces,60.2150803,24.9568901,Not Listed,4.0
Social Food,catering,Caterers,60.2153511,24.9577408,Affordable,3.0
Malminkartanon Kirjasto,libraries,Libraries,60.2467647,24.8600169,Not Listed,3.0
Peräbaari,divebars,Dive Bars,60.2435493,24.8588295,Not Listed,2.0
Kiinan ruusu,chinese,Chinese,60.2389247,24.8512367,Not Listed,2.0
Dragon Glory,chinese,Chinese,60.20961,25.0777206,Most Affordable,4.0
Subway,"hotdogs, sandwiches","Fast Food, Sandwiches",60.2391891,24.8498497,Most Affordable,5.0
Pallogrilli,comfortfood,Comfort Food,60.2390542566202,24.8498189804533,Most Affordable,2.3
Hesburger,"burgers, hotdogs","Burgers, Fast Food",60.2384940852905,24.8502749204636,Most Affordable,2.0
ABC Deli,delis,Delis,60.2449195729946,24.8475974053144,Not Listed,5.0
Kuparipata,comfortfood,Comfort Food,60.2472687,24.8416691,Not Listed,4.0
Roda Express,indpak,Indian,60.2391891,24.8498497,Most Affordable,1.0
FLQ,thai,Thai,60.2106985229495,25.0790980970338,Not Listed,5.0
Stoa Itä-Helsingin Kulttuurikeskus,theater,Performing Arts,60.212101,25.0798397,Not Listed,4.2
Stardent Itäkeskus,generaldentistry,General Dentistry,60.2092361358013,25.0878264382482,Not Listed,5.0
Johto Cafe,sushi,Sushi Bars,60.2122564515703,25.0836026215005,Not Listed,5.0
Qingdao,chinese,Chinese,60.2088585,25.0874901,Not Listed,5.0
Itäkeskuksen kirjasto,libraries,Libraries,60.212101,25.0798397,Not Listed,4.3
Tre Viet,vietnamese,Vietnamese,60.2106074785339,25.0805967454385,Affordable,3.8
Asian Woking,chinese,Chinese,60.209568,25.0813808,Not Listed,4.5
Suola ja pippuri,scandinavian,Scandinavian,60.2128846,25.085726,Affordable,4.0
Black Bird,pubs,Pubs,60.2115097,25.0812798,Most Affordable,4.0
Thai Orchid,thai,Thai,60.2110398351405,25.081901861275,Expensive,3.5
10 Hammas,oralsurgeons,Oral Surgeons,60.2109413,25.0797291,Not Listed,4.0
Agenttitalon hammaslääkärit,dentists,Dentists,60.2115097,25.0812798,Not Listed,4.0
The Lucky Bastard,burgers,Burgers,60.2112197398434,25.0806714032454,Affordable,3.0
Bar Idän Tähti,divebars,Dive Bars,60.2083702,25.0812492,Most Affordable,3.3
Kebab Palace,kebab,Kebab,60.2122688,25.0836906,Not Listed,3.5
Royal Palace,chinese,Chinese,60.2122688,25.0836906,Affordable,3.0
FL Q,buffets,Buffets,60.210659,25.0787506,Most Affordable,3.5
Fonda del Sol,mexican,Mexican,60.2115952753829,25.0826454162598,Affordable,2.6
Ravintola Fantasy Club,danceclubs,Dance Clubs,60.2087288,25.0834408,Most Affordable,3.0
Pasta Box,italian,Italian,60.2128846,25.085726,Not Listed,3.0
Rodos,greek,Greek,60.2122688,25.0836906,Most Affordable,3.0
Itis-Kebab Pizzeria,pizza,Pizza,60.2109413,25.0797291,Not Listed,2.2
Ristorante Momento,italian,Italian,60.2128846,25.085726,Not Listed,2.7
Classic Pizza,pizza,Pizza,60.2125386838334,25.0838792324066,Affordable,3.0
Subway,"hotdogs, sandwiches","Fast Food, Sandwiches",60.2128105,25.0842094,Affordable,2.3
Hemingway's,"pubs, divebars, bars","Pubs, Dive Bars, Bars",60.2118249,25.081707,Not Listed,3.0
Pizzeria Golden Rax Pizzabuffet,pizza,Pizza,60.2116508,25.0829506,Not Listed,3.0
Pizza Service,"kebab, pizza","Kebab, Pizza",60.2098198,25.0844994,Most Affordable,3.0
Fu Shun Lou,chinese,Chinese,60.2099143,25.0829837,Not Listed,3.0
Hesburger,"burgers, hotdogs","Burgers, Fast Food",60.2103806,25.0802002,Most Affordable,3.0
Oral Hammaslääkärit,"generaldentistry, dentists","General Dentistry, Dentists",60.210659,25.0787506,Not Listed,3.0
McDonald's,"hotdogs, burgers","Fast Food, Burgers",60.2131615,25.0850906,Most Affordable,3.0
Olive Garden,buffets,Buffets,60.2122688,25.0836906,Not Listed,2.0
Azadi,pizza,Pizza,60.2075996,25.0828991,Not Listed,1.7
Hang Zhou,chinese,Chinese,60.2106705,25.0800591,Not Listed,2.0
Hesburger,"burgers, hotdogs","Burgers, Fast Food",60.2098198,25.0844994,Not Listed,2.0
Chico's,tradamerican,American,60.2103806,25.0802002,Not Listed,2.0
Idän Piste,restaurants,Restaurants,60.210659,25.0787506,Not Listed,2.0
Classic American Diner,tradamerican,American,60.2098918612757,25.0850421125946,Affordable,2.0
Hanko Sushi,"japanese, sushi","Japanese, Sushi Bars",60.2105912,25.0784957,Affordable,1.3
Sivukaide,pizza,Pizza,60.2111702,25.0809994,Not Listed,1.5
Red Onion,bars,Bars,60.2602997,24.8529797,Not Listed,3.0
Kulta Leopardi,chinese,Chinese,60.2603,24.85298,Not Listed,2.3
Manni Steak House,restaurants,Restaurants,60.260384553257,24.8531233125894,Not Listed,2.0
Mike's Diner,tradamerican,American,60.2615078166477,24.8549295589328,Not Listed,4.0
Myyrmäen kirjasto,libraries,Libraries,60.2613487,24.8529301,Not Listed,3.3
Länsi-Vantaan Hammaslääkärit,dentists,Dentists,60.2626686,24.8502293,Not Listed,4.0
Katukeittiö Pilvi,chinese,Chinese,60.2634709145627,24.8533391559157,Not Listed,4.0
Ravintola Tilicho,himalayan,Himalayan/Nepalese,60.2638847143319,24.8512510934873,Affordable,2.3
Rio Grande,mexican,Mexican,60.26181,24.85506,Affordable,2.5
Toppari,irish_pubs,Irish Pub,60.261470857113,24.8550043870198,Expensive,1.0
Allun Grilli Moottori-Ravintola,bbq,Barbeque,60.2646103,24.8527298,Affordable,4.5
Luna,divebars,Dive Bars,60.26461,24.85273,Not Listed,1.0
Elvis Burger,burgers,Burgers,60.30116,25.02484,Most Affordable,2.5
Ullan Grilli,hotdogs,Fast Food,60.2711781572948,24.8557930542293,Not Listed,2.5
Eka Kebab Pizzeria,pizza,Pizza,60.2930897239661,25.0379718313145,Not Listed,5.0
Hao King,chinese,Chinese,60.292141,25.0435791,Most Affordable,4.7
Hesburger,"burgers, hotdogs","Burgers, Fast Food",60.2922096,25.0415993,Not Listed,5.0
Xona,pizza,Pizza,60.3047800845866,25.0419797137935,Not Listed,5.0
Thai Palace,thai,Thai,60.29245,25.0398903,Not Listed,4.3
La Pasteria Italiana,italian,Italian,60.292141,25.0435791,Affordable,5.0
Chico's,tradamerican,American,60.2935024383154,25.0367432748749,Not Listed,4.3
Oriental House,chinese,Chinese,60.29245,25.0398903,Affordable,3.7
Tikkurilan Kirjasto,libraries,Libraries,60.2950211,25.0423203,Not Listed,4.0
Pingviini Street Bar,bars,Bars,60.2931495253492,25.0372042419804,Not Listed,4.0
Hemingway's,"pubs, divebars, bars","Pubs, Dive Bars, Bars",60.2922096,25.0415993,Affordable,4.0
Grande Parilla,mediterranean,Mediterranean,60.292141,25.0435791,Affordable,3.5
Masterpizza Tikkurila,pizza,Pizza,60.2926102,25.0429592,Not Listed,3.0
Maltainen Metso,bars,Bars,60.292141,25.0435791,Not Listed,3.0
3 Amigos,mexican,Mexican,60.2925704538395,25.0369150936604,Most Affordable,2.0
La Caramba,buffets,Buffets,60.2551236759828,24.8246383666992,Not Listed,3.0
Rivano,pizza,Pizza,60.25656,24.825,Not Listed,1.0
Souvlaki,kiosk,Kiosk,60.2934447404233,25.0301260873675,Not Listed,5.0
Tixident,dentists,Dentists,60.2939186,25.0308704,Not Listed,5.0
Oklahoma,tradamerican,American,60.2936607259828,25.0346591413232,Most Affordable,3.9
Tamarin,thai,Thai,60.2935291,25.0344032,Most Affordable,3.6
Huang Shang Huang,chinese,Chinese,60.2933083,25.0328598,Not Listed,4.0
Bistro Liekki,bistros,Bistros,60.2929434070513,25.0319295,Not Listed,4.0
Picnic,coffee,Coffee & Tea,60.2928658,25.0345211,Most Affordable,3.5
Torello,bars,Bars,60.2937004678157,25.0344693655257,Not Listed,3.0
Long Hua,japanese,Japanese,60.2936434537629,25.0349624454975,Affordable,3.0
Old Story,sportsbars,Sports Bars,60.293663,25.0339451,Affordable,3.0
Hesburger,"burgers, hotdogs","Burgers, Fast Food",60.27774,24.86816,Not Listed,4.0
Pikku-Santorini,greek,Greek,60.29079,24.96904,Most Expensive,4.2
Rax,"pizza, buffets","Pizza, Buffets",60.2907191221761,24.9694307148457,Most Affordable,5.0
Hesburger,"burgers, hotdogs","Burgers, Fast Food",60.2902585944625,24.9608496148259,Most Affordable,5.0
Il Siciliano,italian,Italian,60.29079,24.96904,Not Listed,3.8
Amarillo,"bbq, tex-mex","Barbeque, Tex-Mex",60.29079,24.96904,Expensive,3.6
Classic Pizza,pizza,Pizza,60.2907681,24.962113,Affordable,3.4
Chico's,tradamerican,American,60.29,24.9647,Expensive,4.0
Makaronitehdas,restaurants,Restaurants,60.292019177819,24.9631539190099,Not Listed,3.5
Picnic,coffee,Coffee & Tea,60.2924309,24.9639893,Not Listed,4.0
La Famiglia,italian,Italian,60.29079,24.96904,Affordable,3.3
Jufu,chinese,Chinese,60.2836303349548,24.9715617288958,Most Affordable,3.3
Pointin Kirjasto,libraries,Libraries,60.2851295,24.9572105,Not Listed,3.5
Rosso Express,italian,Italian,60.2909164,24.9620857,Most Affordable,3.5
Parilla Steak House,steak,Steakhouses,60.29079,24.96904,Affordable,2.6
Classic American Diner,tradamerican,American,60.2903540483517,24.9631965318403,Affordable,3.0
Hanko Sushi,"japanese, sushi","Japanese, Sushi Bars",60.2907681,24.962113,Affordable,2.3
Hua Du,chinese,Chinese,60.2905067282116,24.9689217274844,Not Listed,2.3
Ravintola Bistro,restaurants,Restaurants,60.2952919,24.9710808,Not Listed,3.0
Fonda Del Sol,mexican,Mexican,60.2923851,24.9656029,Affordable,1.8
Sagarmatha,himalayan,Himalayan/Nepalese,60.2933617,25.03158,Affordable,3.8
Hertas,karaoke,Karaoke,60.2908783,25.0419407,Not Listed,4.0
Hua Hin,buffets,Buffets,60.2900085,25.0362301,Affordable,4.0
Tulisuudelma,bars,Bars,60.2908783,25.0419407,Not Listed,4.0
Shamrock,bars,Bars,60.2933617,25.03158,Not Listed,3.5
Amarillo,"bbq, tex-mex","Barbeque, Tex-Mex",60.2907874,25.0418655,Expensive,2.5
Café Einstein,coffee,Coffee & Tea,60.2876015,25.0406494,Affordable,2.3
Sushi Anlii,buffets,Buffets,60.2775166636526,24.8206914961338,Not Listed,5.0
Ravintola Olivia,pizza,Pizza,60.2835,24.81735,Not Listed,3.0
Pizza Service,"kebab, pizza","Kebab, Pizza",60.2639084,24.8729,Most Affordable,2.0
Mäkitupa,salad,Salad,60.2920480639233,24.9857526272535,Not Listed,4.0
Kenttälounas,buffets,Buffets,60.3107998,24.9724575,Not Listed,3.0
Night Pub,pubs,Pubs,60.2839394,24.8716793,Not Listed,4.0
Ananas Pizzeria,restaurants,Restaurants,60.3013191,24.8562393,Not Listed,5.0
Fuudii,buffets,Buffets,60.2959430305966,24.9242308061701,Affordable,5.0
Wanha Apotheca,comfortfood,Comfort Food,60.2904816,24.8683605,Not Listed,4.0
Wanha Pehtoori,bbq,Barbeque,60.2751376844527,24.9538367932035,Not Listed,3.0
Limone,italian,Italian,60.31744,24.84678,Affordable,3.0
McDonald's,"hotdogs, burgers","Fast Food, Burgers",60.2701492,24.8044109,Not Listed,4.0
Ravintola Albela,gastropubs,Gastropubs,60.2620201,24.8043995,Not Listed,2.0
Ylästön Pizza ja Grilli,kebab,Kebab,60.2843018,24.9150696,Not Listed,3.0
King's Corner,burgers,Burgers,60.2929652,24.8822964,Not Listed,3.0
Helsinki Sausage Company,hotdog,Hot Dogs,60.3165453,24.9668142,Not Listed,4.2
Two Tigers Sushi and Noodle,sushi,Sushi Bars,60.3157005,24.9652805,Affordable,4.2
Almost@Home Lounge,airportlounges,Airport Lounges,60.3179076902223,24.9637708099169,Most Affordable,4.7
Nordic Kitchen,scandinavian,Scandinavian,60.3157,24.96528,Most Expensive,4.2
Fafa's,"mideastern, falafel","Middle Eastern, Falafel",60.3185744,24.9679887,Not Listed,5.0
Arctic Bar,bars,Bars,60.3178765894149,24.9648756533861,Expensive,5.0
Aspire Lounge,airportlounges,Airport Lounges,60.319128898577,24.9651490320533,Most Affordable,3.8
Urban Food Market,delis,Delis,60.3158289290544,24.9713661629501,Most Affordable,4.3
Helsinki Market,modern_european,Modern European,60.3165639995931,24.9709357871685,Affordable,4.3
60° Bar & Brewery,bars,Bars,60.3167189,24.9704424,Expensive,4.5
Wine & View,wine_bars,Wine Bars,60.3190119450836,24.9679366910157,Affordable,4.0
Finnair Premium Lounge,airportlounges,Airport Lounges,60.3154611743664,24.9619939550757,Most Affordable,3.6
SAS Business Lounge,airportlounges,Airport Lounges,60.315663095655,24.9720635161446,Most Affordable,3.6
Freshly Made,sandwiches,Sandwiches,60.3189695120503,24.9667744408241,Most Affordable,4.0
Gateway Tower Lounge,airportlounges,Airport Lounges,60.3179,24.9664,Affordable,4.0
Fly Inn,scandinavian,Scandinavian,60.3157005,24.9652805,Expensive,3.3
The Oak Barrell,pubs,Pubs,60.3191270626817,24.9683558195829,Affordable,3.3
Seasons,scandinavian,Scandinavian,60.3153238969064,24.9727857556693,Affordable,3.5
Pier Zero,sandwiches,Sandwiches,60.3184229717683,24.9659180268645,Expensive,3.2
Gui,scandinavian,Scandinavian,60.3158913,24.9638195,Expensive,3.0
Moomin Coffee,coffee,Coffee & Tea,60.3157013,24.9653323,Not Listed,4.0
Cesar's,restaurants,Restaurants,60.31841,24.96633,Not Listed,3.5
Finnair Schengen Lounge,airportlounges,Airport Lounges,60.3153346540271,24.9636612832546,Most Affordable,2.8
Burger King,"burgers, hotdogs","Burgers, Fast Food",60.3190387746731,24.9676258726733,Not Listed,3.0
Bistrot Helsinki,bistros,Bistros,60.3185990010171,24.9684688792,Not Listed,3.0
O'Learys,sportsbars,Sports Bars,60.3183314170617,24.9663872682618,Expensive,2.2
Delight,bars,Bars,60.318044771891,24.9657869338989,Not Listed,2.0
